{
  "format_version": "1.14.0",
  "minecraft:entity": {
    "description": {
      "identifier": "quarry:forge_table",
      "is_spawnable": false,
      "is_summonable": false,
      "is_experimental": false,
      "scripts": { "animate": [ "0" ] },
      "animations": { "0": "controller.animation.table_runtime" }
    },
	"component_groups": {
		"despawn_entity":{
         "minecraft:despawn":{
         }
        },
         
        "conveyor_trades":{
	        "minecraft:economy_trade_table": {
                "display_name": "trades.conveyor.name",
                "table": "forge_table/conveyor_forge_items.json",
                "new_screen": true,
                "persist_trades": true
                },
            "minecraft:variant":{ "value": 0 }
        },
        "quarry_trades":{
	        "minecraft:economy_trade_table": {
                "display_name": "trades.quarry.name",
                "table": "forge_table/quarry_forge_items.json",
                "new_screen": true,
                "persist_trades": true
                },
            "minecraft:variant":{ "value": 1 }
        }
    },
     
    "components": {
      "minecraft:type_family": {
        "family": [ "conveyors" ]
      },
	  "minecraft:scale": {
	    "value": 1.0
      },
      "minecraft:damage_sensor":{
        "triggers":[
           {
              "on_damage":{
                 "filters":{
                    "all_of": [
                    { "test" :  "is_family", "subject" : "other", "value" :  "player"},
                    { "test" :  "has_tag", "subject" : "other", "value" :  "r4isen1920"},
					{ "test" :  "has_damage", "subject" : "self", "value" :  "attack"},
					{ "test" :  "is_variant", "subject" : "self", "operator": "==", "value" : 0  }
                   ]
                 },
                 "event":"set_quarry_trades"
                },
              "deals_damage":false
            },
            {
              "on_damage":{
                 "filters":{
                    "all_of": [
                    { "test" :  "is_family", "subject" : "other", "value" :  "player"},
					{ "test" :  "has_damage", "subject" : "self", "value" :  "attack"},
					{ "test" :  "is_variant", "subject" : "self", "operator": "==", "value" : 1  }
                   ]
                 },
                 "event":"set_conveyor_trades"
                },
              "deals_damage":false
            },
            {
	          "cause":"any",
	          "deals_damage":false
	       }
		]
     },
      "minecraft:collision_box": {
        "width": 0.8,
        "height": 1.0
      },
      "minecraft:is_hidden_when_invisible": {
      },
      "minecraft:loot": {
        "table": "empty.json"
      },
      "minecraft:nameable": {
        "alwaysShow": true,
        "allowNameTagRenaming": false
      },
      "minecraft:physics": {
      },
      "minecraft:environment_sensor":{
        "triggers":{
              "filters":{
                 "all_of":[
                    {
                       "test":"has_tag",
                       "subject":"self",
                       "value":"despawn"
                    }
                 ]
              },
              "event":"event_despawn"
           }
	     }
	   },
	
	"events":{
         "event_despawn":{
            "add":{
               "component_groups":[
                  "despawn_entity"
               ]
            }
         },
         "minecraft:entity_spawned":{
            "add":{
               "component_groups":[
                  "conveyor_trades"
               ]
            }
         },
         "set_conveyor_trades":{
            "add":{
               "component_groups":[
                  "conveyor_trades"
               ]
            }
         },
         "set_quarry_trades":{
            "add":{
               "component_groups":[
                  "quarry_trades"
               ]
            }
         }
      }
   }
}