{
  "format_version":"1.14.0",
  "minecraft:entity":{
    "description":{
      "identifier":"quarry:plan_table",
      "is_spawnable":false,
      "is_summonable":false,
      "is_experimental":false,
      "scripts":{"animate":["0"]}, "animations":{"0":"controller.animation.table_runtime"}
    },
    "component_groups":{
      "despawn_entity":{
        "minecraft:despawn":{}
      },
      
      "no_blueprint":{
        "minecraft:variant":{ "value":0 }
      },
      
      "has_blueprint":{
        "minecraft:variant":{ "value":1 }
      },
      
      "drop_empty_blueprint":{"minecraft:spawn_entity":{"min_wait_time":0,"max_wait_time":0,"spawn_sound":"plop","spawn_item":"quarry:empty_blueprint","filters":{"test":"is_variant","subject":"self","operator":"==","value":1}},"minecraft:timer":{"time":[0.0,0.0],"looping":false,"time_down_event":{"event":"no_blueprint","target":"self"}}},
      "drop_barrel_blueprint":{"minecraft:spawn_entity":{"min_wait_time":0,"max_wait_time":0,"spawn_sound":"plop","spawn_item":"blueprint:barrel","filters":{"test":"is_variant","subject":"self","operator":"==","value":1}},"minecraft:timer":{"time":[0.0,0.0],"looping":false,"time_down_event":{"event":"no_blueprint","target":"self"}}},
      "drop_bone_block_blueprint":{"minecraft:spawn_entity":{"min_wait_time":0,"max_wait_time":0,"spawn_sound":"plop","spawn_item":"blueprint:bone_block","filters":{"test":"is_variant","subject":"self","operator":"==","value":1}},"minecraft:timer":{"time":[0.0,0.0],"looping":false,"time_down_event":{"event":"no_blueprint","target":"self"}}},
      "drop_bookshelf_blueprint":{"minecraft:spawn_entity":{"min_wait_time":0,"max_wait_time":0,"spawn_sound":"plop","spawn_item":"blueprint:bookshelf","filters":{"test":"is_variant","subject":"self","operator":"==","value":1}},"minecraft:timer":{"time":[0.0,0.0],"looping":false,"time_down_event":{"event":"no_blueprint","target":"self"}}},
      "drop_brick_block_blueprint":{"minecraft:spawn_entity":{"min_wait_time":0,"max_wait_time":0,"spawn_sound":"plop","spawn_item":"blueprint:brick_block","filters":{"test":"is_variant","subject":"self","operator":"==","value":1}},"minecraft:timer":{"time":[0.0,0.0],"looping":false,"time_down_event":{"event":"no_blueprint","target":"self"}}},
      "drop_clay_blueprint":{"minecraft:spawn_entity":{"min_wait_time":0,"max_wait_time":0,"spawn_sound":"plop","spawn_item":"blueprint:clay","filters":{"test":"is_variant","subject":"self","operator":"==","value":1}},"minecraft:timer":{"time":[0.0,0.0],"looping":false,"time_down_event":{"event":"no_blueprint","target":"self"}}},
      "drop_crafting_table_blueprint":{"minecraft:spawn_entity":{"min_wait_time":0,"max_wait_time":0,"spawn_sound":"plop","spawn_item":"blueprint:crafting_table","filters":{"test":"is_variant","subject":"self","operator":"==","value":1}},"minecraft:timer":{"time":[0.0,0.0],"looping":false,"time_down_event":{"event":"no_blueprint","target":"self"}}},
      "drop_glass_pane_blueprint":{"minecraft:spawn_entity":{"min_wait_time":0,"max_wait_time":0,"spawn_sound":"plop","spawn_item":"blueprint:glass_pane","filters":{"test":"is_variant","subject":"self","operator":"==","value":1}},"minecraft:timer":{"time":[0.0,0.0],"looping":false,"time_down_event":{"event":"no_blueprint","target":"self"}}},
      "drop_glass_blueprint":{"minecraft:spawn_entity":{"min_wait_time":0,"max_wait_time":0,"spawn_sound":"plop","spawn_item":"blueprint:glass","filters":{"test":"is_variant","subject":"self","operator":"==","value":1}},"minecraft:timer":{"time":[0.0,0.0],"looping":false,"time_down_event":{"event":"no_blueprint","target":"self"}}},
      "drop_hay_block_blueprint":{"minecraft:spawn_entity":{"min_wait_time":0,"max_wait_time":0,"spawn_sound":"plop","spawn_item":"blueprint:hay_bale","filters":{"test":"is_variant","subject":"self","operator":"==","value":1}},"minecraft:timer":{"time":[0.0,0.0],"looping":false,"time_down_event":{"event":"no_blueprint","target":"self"}}},
      "drop_oak_planks_blueprint":{"minecraft:spawn_entity":{"min_wait_time":0,"max_wait_time":0,"spawn_sound":"plop","spawn_item":"blueprint:planks_oak","filters":{"test":"is_variant","subject":"self","operator":"==","value":1}},"minecraft:timer":{"time":[0.0,0.0],"looping":false,"time_down_event":{"event":"no_blueprint","target":"self"}}},
      "drop_stone_brick_blueprint":{"minecraft:spawn_entity":{"min_wait_time":0,"max_wait_time":0,"spawn_sound":"plop","spawn_item":"blueprint:stone_bricks","filters":{"test":"is_variant","subject":"self","operator":"==","value":1}},"minecraft:timer":{"time":[0.0,0.0],"looping":false,"time_down_event":{"event":"no_blueprint","target":"self"}}},
      "drop_white_wool_blueprint":{"minecraft:spawn_entity":{"min_wait_time":0,"max_wait_time":0,"spawn_sound":"plop","spawn_item":"blueprint:wool","filters":{"test":"is_variant","subject":"self","operator":"==","value":1}},"minecraft:timer":{"time":[0.0,0.0],"looping":false,"time_down_event":{"event":"no_blueprint","target":"self"}}},
      
      "drop_apple_golden_blueprint":{"minecraft:spawn_entity":{"min_wait_time":0,"max_wait_time":0,"spawn_sound":"plop","spawn_item":"blueprint:apple_golden","filters":{"test":"is_variant","subject":"self","operator":"==","value":1}},"minecraft:timer":{"time":[0.0,0.0],"looping":false,"time_down_event":{"event":"no_blueprint","target":"self"}}},
      "drop_bread_blueprint":{"minecraft:spawn_entity":{"min_wait_time":0,"max_wait_time":0,"spawn_sound":"plop","spawn_item":"blueprint:bread","filters":{"test":"is_variant","subject":"self","operator":"==","value":1}},"minecraft:timer":{"time":[0.0,0.0],"looping":false,"time_down_event":{"event":"no_blueprint","target":"self"}}},
      "drop_cake_blueprint":{"minecraft:spawn_entity":{"min_wait_time":0,"max_wait_time":0,"spawn_sound":"plop","spawn_item":"blueprint:cake","filters":{"test":"is_variant","subject":"self","operator":"==","value":1}},"minecraft:timer":{"time":[0.0,0.0],"looping":false,"time_down_event":{"event":"no_blueprint","target":"self"}}},
      "drop_golden_carrot_blueprint":{"minecraft:spawn_entity":{"min_wait_time":0,"max_wait_time":0,"spawn_sound":"plop","spawn_item":"blueprint:golden_carrot","filters":{"test":"is_variant","subject":"self","operator":"==","value":1}},"minecraft:timer":{"time":[0.0,0.0],"looping":false,"time_down_event":{"event":"no_blueprint","target":"self"}}},
      
      "drop_ancient_debris_blueprint":{"minecraft:spawn_entity":{"min_wait_time":0,"max_wait_time":0,"spawn_sound":"plop","spawn_item":"blueprint:ancient_debris","filters":{"test":"is_variant","subject":"self","operator":"==","value":1}},"minecraft:timer":{"time":[0.0,0.0],"looping":false,"time_down_event":{"event":"no_blueprint","target":"self"}}},
      "drop_coal_ore_blueprint":{"minecraft:spawn_entity":{"min_wait_time":0,"max_wait_time":0,"spawn_sound":"plop","spawn_item":"blueprint:coal_ore","filters":{"test":"is_variant","subject":"self","operator":"==","value":1}},"minecraft:timer":{"time":[0.0,0.0],"looping":false,"time_down_event":{"event":"no_blueprint","target":"self"}}},
      "drop_diamond_ore_blueprint":{"minecraft:spawn_entity":{"min_wait_time":0,"max_wait_time":0,"spawn_sound":"plop","spawn_item":"blueprint:diamond_ore","filters":{"test":"is_variant","subject":"self","operator":"==","value":1}},"minecraft:timer":{"time":[0.0,0.0],"looping":false,"time_down_event":{"event":"no_blueprint","target":"self"}}},
      "drop_emerald_ore_blueprint":{"minecraft:spawn_entity":{"min_wait_time":0,"max_wait_time":0,"spawn_sound":"plop","spawn_item":"blueprint:emerald_ore","filters":{"test":"is_variant","subject":"self","operator":"==","value":1}},"minecraft:timer":{"time":[0.0,0.0],"looping":false,"time_down_event":{"event":"no_blueprint","target":"self"}}},
      "drop_gold_ore_blueprint":{"minecraft:spawn_entity":{"min_wait_time":0,"max_wait_time":0,"spawn_sound":"plop","spawn_item":"blueprint:gold_ore","filters":{"test":"is_variant","subject":"self","operator":"==","value":1}},"minecraft:timer":{"time":[0.0,0.0],"looping":false,"time_down_event":{"event":"no_blueprint","target":"self"}}},
      "drop_iron_ore_blueprint":{"minecraft:spawn_entity":{"min_wait_time":0,"max_wait_time":0,"spawn_sound":"plop","spawn_item":"blueprint:iron_ore","filters":{"test":"is_variant","subject":"self","operator":"==","value":1}},"minecraft:timer":{"time":[0.0,0.0],"looping":false,"time_down_event":{"event":"no_blueprint","target":"self"}}},
      "drop_lapis_ore_blueprint":{"minecraft:spawn_entity":{"min_wait_time":0,"max_wait_time":0,"spawn_sound":"plop","spawn_item":"blueprint:lapis_ore","filters":{"test":"is_variant","subject":"self","operator":"==","value":1}},"minecraft:timer":{"time":[0.0,0.0],"looping":false,"time_down_event":{"event":"no_blueprint","target":"self"}}},
      
      "drop_raw_beef_blueprint":{"minecraft:spawn_entity":{"min_wait_time":0,"max_wait_time":0,"spawn_sound":"plop","spawn_item":"blueprint:raw_beef","filters":{"test":"is_variant","subject":"self","operator":"==","value":1}},"minecraft:timer":{"time":[0.0,0.0],"looping":false,"time_down_event":{"event":"no_blueprint","target":"self"}}}
      
    },
    
    
    "components":{
      "minecraft:type_family":{ "family":["conveyors"] },
      "minecraft:scale":{ "value":1.0 },
      "minecraft:interact":{
        "interactions":[
          {
            "on_interact":{
              "filters":{
                "all_of":[
                  {"test":"is_family", "subject":"other", "value":"player"},
                  {"test":"has_equipment", "subject":"other", "value":"quarry:empty_blueprint"},
                  {"test":"is_sneaking", "subject":"other", "value":false},
                  {"test":"is_variant", "subject":"self", "operator":"==", "value":0}
                ]
              },
              "event":"add_blueprint"
            },
            "use_item":true,
            "interact_text":"action.blueprint.add_blueprint"
          },
           {"on_interact":{"filters":{"all_of":[{"test":"is_variant","subject":"self","value":1}, {"test":"has_equipment","subject":"other","value":"minecraft:barrel"}]},"event":"draw_barrel_blueprint"},"use_item":true,"interact_text":"action.blueprint.draw"},
           {"on_interact":{"filters":{"all_of":[{"test":"is_variant","subject":"self","value":1}, {"test":"has_equipment","subject":"other","value":"minecraft:bone_block"}]},"event":"draw_bone_block_blueprint"},"use_item":true,"interact_text":"action.blueprint.draw"},
           {"on_interact":{"filters":{"all_of":[{"test":"is_variant","subject":"self","value":1}, {"test":"has_equipment","subject":"other","value":"minecraft:bookshelf"}]},"event":"draw_bookshelf_blueprint"},"use_item":true,"interact_text":"action.blueprint.draw"},
           {"on_interact":{"filters":{"all_of":[{"test":"is_variant","subject":"self","value":1}, {"test":"has_equipment","subject":"other","value":"minecraft:brick_block"}]},"event":"draw_brick_block_blueprint"},"use_item":true,"interact_text":"action.blueprint.draw"},
           {"on_interact":{"filters":{"all_of":[{"test":"is_variant","subject":"self","value":1}, {"test":"has_equipment","subject":"other","value":"minecraft:clay"}]},"event":"draw_clay_blueprint"},"use_item":true,"interact_text":"action.blueprint.draw"},
           {"on_interact":{"filters":{"all_of":[{"test":"is_variant","subject":"self","value":1}, {"test":"has_equipment","subject":"other","value":"minecraft:crafting_table"}]},"event":"draw_crafting_table_blueprint"},"use_item":true,"interact_text":"action.blueprint.draw"},
           {"on_interact":{"filters":{"all_of":[{"test":"is_variant","subject":"self","value":1}, {"test":"has_equipment","subject":"other","value":"minecraft:glass_pane"}]},"event":"draw_glass_pane_blueprint"},"use_item":true,"interact_text":"action.blueprint.draw"},
           {"on_interact":{"filters":{"all_of":[{"test":"is_variant","subject":"self","value":1}, {"test":"has_equipment","subject":"other","value":"minecraft:glass"}]},"event":"draw_glass_blueprint"},"use_item":true,"interact_text":"action.blueprint.draw"},
           {"on_interact":{"filters":{"all_of":[{"test":"is_variant","subject":"self","value":1}, {"test":"has_equipment","subject":"other","value":"minecraft:hay_block"}]},"event":"draw_hay_bale_blueprint"},"use_item":true,"interact_text":"action.blueprint.draw"},
           {"on_interact":{"filters":{"all_of":[{"test":"is_variant","subject":"self","value":1}, {"test":"has_equipment","subject":"other","value":"minecraft:planks"}]},"event":"draw_oak_planks_blueprint"},"use_item":true,"interact_text":"action.blueprint.draw"},
           {"on_interact":{"filters":{"all_of":[{"test":"is_variant","subject":"self","value":1}, {"test":"has_equipment","subject":"other","value":"minecraft:stonebrick"}]},"event":"draw_stone_brick_blueprint"},"use_item":true,"interact_text":"action.blueprint.draw"},
           {"on_interact":{"filters":{"all_of":[{"test":"is_variant","subject":"self","value":1}, {"test":"has_equipment","subject":"other","value":"minecraft:wool"}]},"event":"draw_white_wool_blueprint"},"use_item":true,"interact_text":"action.blueprint.draw"},
           
           {"on_interact":{"filters":{"all_of":[{"test":"is_variant","subject":"self","value":1}, {"test":"has_equipment","subject":"other","value":"minecraft:golden_apple"}]},"event":"draw_apple_golden_blueprint"},"use_item":true,"interact_text":"action.blueprint.draw"},
           {"on_interact":{"filters":{"all_of":[{"test":"is_variant","subject":"self","value":1}, {"test":"has_equipment","subject":"other","value":"minecraft:bread"}]},"event":"draw_bread_blueprint"},"use_item":true,"interact_text":"action.blueprint.draw"},
           {"on_interact":{"filters":{"all_of":[{"test":"is_variant","subject":"self","value":1}, {"test":"has_equipment","subject":"other","value":"minecraft:cake"}]},"event":"draw_cake_blueprint"},"use_item":true,"interact_text":"action.blueprint.draw"},
           {"on_interact":{"filters":{"all_of":[{"test":"is_variant","subject":"self","value":1}, {"test":"has_equipment","subject":"other","value":"minecraft:golden_carrot"}]},"event":"draw_golden_carrot_blueprint"},"use_item":true,"interact_text":"action.blueprint.draw"},
           
           {"on_interact":{"filters":{"all_of":[{"test":"is_variant","subject":"self","value":1}, {"test":"has_equipment","subject":"other","value":"minecraft:ancient_debris"}]},"event":"draw_ancient_debris_blueprint"},"use_item":true,"interact_text":"action.blueprint.draw"},
           {"on_interact":{"filters":{"all_of":[{"test":"is_variant","subject":"self","value":1}, {"test":"has_equipment","subject":"other","value":"minecraft:coal_ore"}]},"event":"draw_coal_ore_blueprint"},"use_item":true,"interact_text":"action.blueprint.draw"},
           {"on_interact":{"filters":{"all_of":[{"test":"is_variant","subject":"self","value":1}, {"test":"has_equipment","subject":"other","value":"minecraft:diamond_ore"}]},"event":"draw_diamond_ore_blueprint"},"use_item":true,"interact_text":"action.blueprint.draw"},
           {"on_interact":{"filters":{"all_of":[{"test":"is_variant","subject":"self","value":1}, {"test":"has_equipment","subject":"other","value":"minecraft:emerald_ore"}]},"event":"draw_emerald_ore_blueprint"},"use_item":true,"interact_text":"action.blueprint.draw"},
           {"on_interact":{"filters":{"all_of":[{"test":"is_variant","subject":"self","value":1}, {"test":"has_equipment","subject":"other","value":"minecraft:gold_ore"}]},"event":"draw_gold_ore_blueprint"},"use_item":true,"interact_text":"action.blueprint.draw"},
           {"on_interact":{"filters":{"all_of":[{"test":"is_variant","subject":"self","value":1}, {"test":"has_equipment","subject":"other","value":"minecraft:iron_ore"}]},"event":"draw_iron_ore_blueprint"},"use_item":true,"interact_text":"action.blueprint.draw"},
           {"on_interact":{"filters":{"all_of":[{"test":"is_variant","subject":"self","value":1}, {"test":"has_equipment","subject":"other","value":"minecraft:lapis_ore"}]},"event":"draw_lapis_ore_blueprint"},"use_item":true,"interact_text":"action.blueprint.draw"},
           
           {"on_interact":{"filters":{"all_of":[{"test":"is_variant","subject":"self","value":1}, {"test":"has_equipment","subject":"other","value":"minecraft:beef"}]},"event":"draw_raw_beef_blueprint"},"use_item":true,"interact_text":"action.blueprint.draw"}
        ]
      },
      "minecraft:damage_sensor":{
        "triggers":[
          {
            "on_damage":{
              "filters":{
                "all_of":[
                  {"test":"is_family", "subject":"other", "value":"player"},
                  {"test":"is_sneaking", "subject":"other", "value":false},
                  {"test":"has_damage", "subject":"self", "value":"attack"},
                  {"test":"is_variant", "subject":"self", "operator":"==", "value":1}
                ]
              },
              "event":"remove_blueprint"
            },
            "deals_damage":false
          },
          {
            "cause":"any",
            "deals_damage":false
          }
        ]
      },
      "minecraft:collision_box":{
        "width":0.8,
        "height":1.0
      },
      "minecraft:is_hidden_when_invisible":{

      },
      "minecraft:loot":{
        "table":"empty.json"
      },
      "minecraft:nameable":{
        "alwaysShow":true,
        "allowNameTagRenaming":false
      },
      "minecraft:physics":{

      },
      "minecraft:environment_sensor":{
        "triggers":{
          "filters":{
            "all_of":[
              {
                "test":"has_tag",
                "subject":"self",
                "value":"despawn"
              }
            ]
          },
          "event":"event_despawn"
        }
      }
    },
    "events":{
      "event_despawn":{"add":{"component_groups":["despawn_entity"]}},
      "minecraft:entity_spawned":{"add":{"component_groups":["no_blueprint"]}},
      "add_blueprint":{"add":{"component_groups":["has_blueprint"]}},
      "no_blueprint":{
		  "add":{"component_groups":["no_blueprint"]},
		  "remove":{
		    "component_groups":[
		      "drop_empty_blueprint",
		      "drop_barrel_blueprint",
		      "drop_bone_block_blueprint",
		      "drop_bookshelf_blueprint",
		      "drop_brick_block_blueprint",
		      "drop_clay_blueprint",
		      "drop_crafting_table_blueprint",
		      "drop_glass_pane_blueprint",
		      "drop_glass_blueprint",
		      "drop_hay_blocks_blueprint",
		      "drop_oak_planks_blueprint",
		      "drop_stone_brick_blueprint",
		      "drop_white_wool_blueprint",
		
			  "drop_apple_golden_blueprint",
			  "drop_bread_blueprint",
			  "drop_cake_blueprint",
			  "drop_golden_apple_blueprint",
			
			  "drop_ancient_debris_blueprint",
			  "drop_coal_ore_blueprint",
			  "drop_diamond_ore_blueprint",
			  "drop_emerald_ore_blueprint",
			  "drop_gold_ore_blueprint",
			  "drop_iron_oreblueprint",
			  "drop_lapis_ore_blueprint",
			
			  "drop_raw_beef_blueprint"
		    ]
		  }
		},
      "remove_blueprint":{"add":{"component_groups":["drop_empty_blueprint"]},"remove":{"component_groups":["has_blueprint"]}},
      "draw_barrel_blueprint":{"add":{"component_groups":["drop_barrel_blueprint"]}},
      "draw_bone_block_blueprint":{"add":{"component_groups":["drop_bone_block_blueprint"]}},
      "draw_bookshelf_blueprint":{"add":{"component_groups":["drop_bookshelf_blueprint"]}},
      "draw_brick_block_blueprint":{"add":{"component_groups":["drop_brick_block_blueprint"]}},
      "draw_clay_blueprint":{"add":{"component_groups":["drop_clay_blueprint"]}},
      "draw_crafting_table_blueprint":{"add":{"component_groups":["drop_crafting_table_blueprint"]}},
      "draw_glass_pane_blueprint":{"add":{"component_groups":["drop_glass_pane_blueprint"]}},
      "draw_glass_blueprint":{"add":{"component_groups":["drop_glass_blueprint"]}},
      "draw_hay_bale_blueprint":{"add":{"component_groups":["drop_hay_block_blueprint"]}},
      "draw_oak_planks_blueprint":{"add":{"component_groups":["drop_oak_planks_blueprint"]}},
      "draw_stone_brick_blueprint":{"add":{"component_groups":["drop_stone_brick_blueprint"]}},
      "draw_white_wool_blueprint":{"add":{"component_groups":["drop_white_wool_blueprint"]}},
      
      "draw_apple_golden_blueprint":{"add":{"component_groups":["drop_apple_golden_blueprint"]}},
      "draw_bread_blueprint":{"add":{"component_groups":["drop_bread_blueprint"]}},
      "draw_cake_blueprint":{"add":{"component_groups":["drop_cake_blueprint"]}},
      "draw_golden_apple_blueprint":{"add":{"component_groups":["drop_golden_apple_blueprint"]}},
      
      "draw_ancient_debris_blueprint":{"add":{"component_groups":["drop_ancient_debris_blueprint"]}},
      "draw_coal_ore_blueprint":{"add":{"component_groups":["drop_coal_ore_blueprint"]}},
      "draw_diamond_ore_blueprint":{"add":{"component_groups":["drop_diamond_ore_blueprint"]}},
      "draw_emerald_ore_blueprint":{"add":{"component_groups":["drop_emerald_ore_blueprint"]}},
      "draw_gold_ore_blueprint":{"add":{"component_groups":["drop_gold_ore_blueprint"]}},
      "draw_iron_ore_blueprint":{"add":{"component_groups":["drop_iron_ore_blueprint"]}},
      "draw_lapis_ore_blueprint":{"add":{"component_groups":["drop_lapis_ore_blueprint"]}},
      
      "draw_raw_beef_blueprint":{"add":{"component_groups":["drop_raw_beef_blueprint"]}}
    }
  }
}