{
  "format_version": "1.10.0",
  "minecraft:client_entity": {
    "description": {
      "identifier": "quarry:phase_conveyor",
      "materials": { "default": "entity_alphatest" },
      "textures": {
        "default": "textures/entity/default"
      },
      "geometry": {
        "default": "geometry.placeholder"
      },
      "render_controllers": [ "controller.render.sample_renderer" ],
      "spawn_egg": {
        "texture": "phase_conveyor",
        "texture_index": 0
      }
    }
  }
}