{
  "format_version": "1.12",
  "minecraft:recipe_shaped": {
    "description": {
    "identifier": "magnets:item_magnet"
    },

    
    "tags": [ "crafting_table" ],
    "group": "planks",
    "pattern": [
      "L N",
      "#  ",
      "##R"
    ],
    "key": {
      "#": { "item": "minecraft:iron_ingot", "data": 0 },
      "L": { "item": "minecraft:dye", "data": 4 },
      "R": { "item": "minecraft:redstone", "data": 0 },
      "N": { "item": "minecraft:netherstar", "data": 0 }
    },
    "result": {
      "item": "magnets:item_magnet",
      "data": 0,
      "count": 1
    }
  }
}
