{
  "format_version": "1.8.0",
  "minecraft:entity": {
	"description": {
      "identifier": "pl:rare_present_placeable",
      "is_spawnable": false,
      "is_summonable": true,
      "is_experimental": false,
	  "runtime_identifier": "minecraft:shulker",
	  "scripts": {
				"animate": [ "rare_present" ]
			},
			"animations": { "rare_present": "controller.animation.rare_present" }
		},
	
	
    "components": {
      "minecraft:fire_immune": true,
      "minecraft:burns_in_daylight": false,
      "minecraft:type_family": {
        "family": [ "presents" ]
      },
      "minecraft:collision_box": {
        "width": 0.1,
        "height": 0.2
      },
     "minecraft:health": {
        "value": 3
     },
      "minecraft:knockback_resistance": {
        "value": 1.0
      },
	  "minecraft:movement": {
		"value": 0.0000000000000000001
	  },
      "minecraft:navigation.walk": {
        "can_float": false,
        "avoid_water": false,
        "is_amphibious": false,
        "avoid_damage_blocks": false
      },
      "minecraft:movement.basic": {
        
      },
      "minecraft:loot": {
        "table": "loot_tables/presents/rare_present.json"
      },
      "minecraft:behavior.random_look_around": {
        "priority": 8
      },
	  "minecraft:physics": {
      }
    }
  }
}