{
  "resource_pack_name": "pl",
  "texture_name": "atlas.items",
  "texture_data": {
    "common_present_launcher": {
      "textures": "textures/items/present_launchers/common_present_launcher.png"
    },
    "rare_present_launcher": {
      "textures": "textures/items/present_launchers/rare_present_launcher.png"
    },
    "epic_present_launcher": {
        "textures": "textures/items/present_launchers/epic_present_launcher.png"
    },
    "legendary_present_launcher": {
        "textures": "textures/items/present_launchers/legendary_present_launcher.png"
    },
    "present_launcher_empty": {
        "textures": "textures/items/present_launchers/present_launcher_empty.png" 
    },
    "common_present": {
        "textures": "textures/items/presents/common_present.png"
    },
    "rare_present": {
        "textures": "textures/items/presents/rare_present.png"
    },
    "epic_present": {
        "textures": "textures/items/presents/epic_present.png" 
      },
      "legendary_present": {
          "textures": "textures/items/presents/legendary_present.png" 
    }
  }
}