{
   "format_version":"1.10.0",
   "animation_controllers":{
      "controller.animation.hc":{
         "states":{
            "default_state":{
               "transitions":[
                  { "runtime":"query.is_alive" },
                  { "player_died":"!query.is_alive" }
               ]
            },
            
            "runtime":{
               "transitions":[ { "default_state":"(1.0)" } ],
               "on_entry":[ "/function 0" ]
            },
            "player_died":{
               "transitions":[ { "runtime_died":"query.is_alive" } ],
               "on_entry":[ "/tag @s add died", "/execute @s[tag=host,tag=died] ~~~ tag @a[tag=!host,tag=!died] add hdied", "/tag @s[tag=host] add player_died", "/execute @s[tag=!lb] ~~~ summon lightning_bolt ~~2~", "/tag @s lb" ]
            },
            "runtime_died":{
               "transitions":[ { "default_state":"(1.0)" } ]
            }
         }
      }
   }
}