{
	"format_version": "1.10.0",
	"particle_effect": {
		"description": {
			"identifier": "quarry:lifter_release_particle",
			"basic_render_parameters": {
				"material": "particles_alpha",
				"texture": "textures/particle/particles"
			}
		},
		"components": {
			"minecraft:emitter_rate_steady": {
				"spawn_rate": "Math.random(78, 100)",
				"max_particles": 100
			},
			"minecraft:emitter_lifetime_once": {
				"active_time": 2
			},
			"minecraft:emitter_shape_disc": {
				"radius": "0.3 - (variable.particle_age * 0.02)",
				"direction": [0, 5, 0]
			},
			"minecraft:particle_lifetime_expression": {
				"max_lifetime": "Math.random(1.0, 4.0)"
			},
			"minecraft:particle_initial_spin": {
				"rotation": "Math.random(0, 360)",
				"rotation_rate": "Math.random(-300, 300)"
			},
			"minecraft:particle_initial_speed": "Math.random(0.0, 10.0)",
			"minecraft:particle_motion_dynamic": {
				"linear_acceleration": [0, 2, 0],
				"linear_drag_coefficient": 2,
				"rotation_drag_coefficient": 0.3
			},
			"minecraft:particle_appearance_billboard": {
				"size": ["0.1 + variable.particle_age * 0.05", "0.1 + variable.particle_age * 0.05"],
				"facing_camera_mode": "lookat_xyz",
				"uv": {
					"texture_width": 128,
					"texture_height": 128,
					"flipbook": {
						"base_UV": [56, 0],
						"size_UV": [8, 8],
						"step_UV": [-8, 0],
						"frames_per_second": 8,
						"max_frame": 8,
						"stretch_to_lifetime": true
					}
				}
			},
			"minecraft:particle_appearance_tinting": {
				"color": {
					"interpolant": "variable.particle_lifetime / variable.particle_age",
					"gradient": {
						"0.0": "#ffffff",
						"1.0": "#E2E1E1"
					}
				}
			}
		}
	}
}