{
  "format_version": "1.13.0",
  "minecraft:entity": {
    "description": {
      "identifier": "minecraft:player",
      "is_spawnable": false,
      "is_summonable": false,
      "is_experimental": false,
	  "scripts":{"animate": [ "pre-setup", "challenge_enabled", "death_detector" ] },
	  "animations":{"pre-setup": "controller.animation.pre-setup","challenge_enabled": "controller.animation.challenge_enabled","death_detector": "controller.animation.death_detector"}
    },

    "component_groups": {
	 "challenge_start": {
	     "minecraft:variant": { "value":0 }
      },
     "player_on_x-axis": {
        "minecraft:variant":{ "value":1 },
		"minecraft:spawn_entity":{
		    "min_wait_time": 0,
		    "max_wait_time": 0,
			"spawn_entity": "r4isen:x-axis",
			"num_to_spawn": 1,
			"single_use": true
		  }
	  },
	 "player_on_z-axis": {
	    "minecraft:variant":{ "value":2 },
		"minecraft:spawn_entity":{
		    "min_wait_time": 0,
		    "max_wait_time": 0,
			"spawn_entity": "r4isen:z-axis",
			"num_to_spawn": 1,
			"single_use": true
		  }
	  },
	
      "minecraft:add_bad_omen": {
        "minecraft:spell_effects": {
          "add_effects": [
            {
              "effect": "bad_omen",
              "duration": 6000,
              "display_on_screen_animation": true
            }
          ]
        },
        "minecraft:timer": {
          "time": [ 0.0, 0.0 ],
          "looping": false,
          "time_down_event": {
            "event": "minecraft:clear_add_bad_omen",
            "target": "self"
          }
        }
      },
      "minecraft:clear_bad_omen_spell_effect": {
        "minecraft:spell_effects": {
        }
      },
      "minecraft:raid_trigger": {
        "minecraft:raid_trigger": {
          "triggered_event": {
            "event": "minecraft:remove_raid_trigger",
            "target": "self"
          }
        },
        "minecraft:spell_effects": {
          "remove_effects": "bad_omen"
        }
      }
    },

    "components": {
	  "minecraft:experience_reward": {
        "on_death": "Math.Min(query.player_level * 7, 100)"
      },
      "minecraft:type_family": {
        "family": [ "player" ]
      },
      "minecraft:is_hidden_when_invisible": {
      },
      "minecraft:loot": {
        "table": "loot_tables/empty.json"
      },
      "minecraft:collision_box": {
        "width": 0.6,
        "height": 1.8
      },
      "minecraft:can_climb": {
      },
      "minecraft:movement": {
        "value": 0.1
      },
      "minecraft:attack": {
        "damage": 1
      },
      "minecraft:player.saturation": {
        "value": 20
      },
      "minecraft:player.exhaustion": {
        "value": 0,
        "max": 4
      },
      "minecraft:player.level": {
        "value": 0,
        "max": 24791
      },
      "minecraft:player.experience": {
        "value": 0,
        "max": 1
      },
      "minecraft:breathable": {
        "totalSupply": 15,
        "suffocateTime": -1,
        "inhaleTime": 3.75,
        "generatesBubbles": false
      },
      "minecraft:nameable": {
        "alwaysShow": true,
        "allowNameTagRenaming": false
      },
      "minecraft:physics": {
      },
      "minecraft:insomnia": {
        "days_until_insomnia": 3
      },
      "minecraft:rideable": {
        "seat_count": 2,
        "family_types": [
          "parrot_tame"
        ],
        "pull_in_entities": true,
        "seats": [
          {
            "position": [ 0.4, -0.15, 0.04 ],
            "min_rider_count": 0,
            "max_rider_count": 0,
            "lock_rider_rotation": 0
          },
          {
            "position": [ -0.4, -0.15, 0.04 ],
            "min_rider_count": 1,
            "max_rider_count": 2,
            "lock_rider_rotation": 0
          }
        ]
      },
      "minecraft:hurt_on_condition": {
        "damage_conditions": [
          {
            "filters": { "test": "in_lava", "subject": "self", "operator": "==", "value": true },
            "cause": "lava",
            "damage_per_tick": 4
          }
        ]
      },
      "minecraft:scaffolding_climber": {},
      "minecraft:environment_sensor":{
	      "triggers":[
	         {
			    "filters": {
                    "all_of": [
                        { "test": "has_mob_effect", "subject": "self", "value": "bad_omen" },
                        { "test": "is_in_village", "subject": "self", "value": true }
                    ]
                },
                "event": "minecraft:trigger_raid"
	          },
	          {
				"filters": {
                    "all_of": [
                        { "test": "has_tag", "subject": "self", "value": "cx" },
                        { "test": "has_tag", "subject": "self", "operator": "!=", "value": "ps" },
                        { "test": "is_sneaking", "subject": "self", "value": true }
                    ]
                },
                "event": "event_challenge_x-axis"
	          },
	          {
				"filters": {
                    "all_of": [
                        { "test": "has_tag", "subject": "self", "value": "cz" },
                        { "test": "has_tag", "subject": "self", "operator": "!=", "value": "ps" },
                        { "test": "is_sneaking", "subject": "self", "value": true }
                    ]
                },
                "event": "event_challenge_z-axis"
	           }
	        ]
        }
    },

    "events": {
      "event_challenge_x-axis": {
        "add": {
          "component_groups": [
            "player_on_x-axis"
          ]
        }
      },
      "event_challenge_z-axis": {
        "add": {
          "component_groups": [
            "player_on_z-axis"
          ]
        }
      },
      
      "minecraft:gain_bad_omen": {
        "add": {
          "component_groups": [
            "minecraft:add_bad_omen"
          ]
        }
      },
      "minecraft:clear_add_bad_omen": {
        "remove": {
          "component_groups": [
            "minecraft:add_bad_omen"
          ]
        },
        "add": {
          "component_groups": [
            "minecraft:clear_bad_omen_spell_effect"
          ]
        }
      },
      "minecraft:trigger_raid": {
        "add": {
          "component_groups": [ "minecraft:raid_trigger" ]
        }
      },
      "minecraft:remove_raid_trigger": {
        "remove": {
          "component_groups": [ "minecraft:raid_trigger" ]
        }
      }
    }
  }
}