{
	"format_version": "1.10.0",
	"animation_controllers": {
		"controller.animation.im": {  
			"initial_state": "default_state",
			"states": {
				"default_state": { 
					"transitions": [ 
                            { "on_magnet_hold": "query.get_equipped_item_name('main_hand') == 'item_magnet' && !query.is_sneaking && query.variant == 0" },
                            { "toggle_mode_custom_magnet": "query.get_equipped_item_name('main_hand') == 'item_magnet' && query.is_sneaking && query.is_on_ground && query.variant == 0" },
                            { "unequipped_item_magnet": "query.get_equipped_item_name('main_hand') != 'item_magnet'"}
                          ]
		   	  	},

	            "on_magnet_hold": { 
					"transitions": [ 
                            { "default_state": "(1.0)" }
                          ],
                    "on_entry": [ "/function magnet_active" ]
		   	  	},
				"unequipped_item_magnet": { 
					"transitions": [ 
                            { "default_state": "(1.0)" }
                          ],
                    "on_entry": [ "/function magnet_inactive" ]
		   	  	},
	            "toggle_mode_custom_magnet": { 
					"transitions": [ 
                            { "default_state": "(1.0)" }
                          ],
                    "on_entry": [ "/function toggle_mode" ]
		       	}
	     	 }
         },
         
         
       "controller.animation.mh": {  
            "initial_state": "default_state",
			"states": {
				"default_state": { 
					"transitions": [ 
                            { "armor_equip": "query.is_using_item > 0 && query.get_equipped_item_name('main_hand') == 'hard_hat' " },
                            { "hard_hat_activate": "query.variant == 1 && query.get_equipped_item_name('main_hand') != 'item_magnet' " },
                            { "unequipped_hard_hat": "query.variant == 0" },
                            
                            { "deactivate_hard_hat": "query.variant == 1 && query.get_equipped_item_name('main_hand') == 'item_magnet' " }
                          ]
		   	  	},
		
				"armor_equip": { 
					"transitions": [ 
                            { "default_state": "!query.is_saddled" }
                          ],
                    "on_entry": [ "/function hard_hat/equip" ]
		   	  	},
				"hard_hat_activate": { 
					"transitions": [ 
                            { "default_state": "(1.0)" }
                          ],
                    "on_entry": [ "/function hard_hat/activate" ]
		   	  	},
				"unequipped_hard_hat": { 
					"transitions": [ 
                            { "default_state": "(1.0)" }
                          ],
                    "on_entry": [ "/function hard_hat/unequipped" ]
		   	   	},
				"deactivate_hard_hat": { 
					"transitions": [ 
                            { "default_state": "(1.0)" }
                          ],
                    "on_entry": [ "/function hard_hat/deactivate" ]
		   	   	}
		  	   }
            }
      }
}