{
	"format_version": "1.10.0",
	"particle_effect": {
		"description": {
			"identifier": "quarry:block_destroy_charged",
			"basic_render_parameters": {
				"material": "particles_alpha",
				"texture": "textures/particle/particles"
			}
		},
		"components": {
			"minecraft:emitter_rate_instant": {
				"num_particles": "Math.random(60, 120)"
			},
			"minecraft:emitter_lifetime_looping": {
				"active_time": 0.5
			},
			"minecraft:emitter_shape_box": {
				"offset": [0.5, 0.5, 0.5],
				"half_dimensions": [0.5, 0.5, 0.5],
				"surface_only": true,
				"direction": "outwards"
			},
			"minecraft:particle_lifetime_expression": {
				"max_lifetime": 0.5
			},
			"minecraft:particle_initial_speed": 0.0,
			"minecraft:particle_motion_dynamic": {},
			"minecraft:particle_appearance_billboard": {
				"size": [0.05, 0.05],
				"facing_camera_mode": "rotate_xyz",
				"uv": {
					"texture_width": 128,
					"texture_height": 128,
					"uv": [16, 88],
					"uv_size": [8, 8]
				}
			},
			"minecraft:particle_appearance_tinting": {
				"color": [0, 1, 0]
			}
		}
	}
}