{
  "$pack_version": 3.0,
  "$last_updated": "June 2021",
  
  "$en_GB": "outdated",     "$en_GB_by": "none",
  "$de_DE": "unavailable",  "$de_DE_by": "none",
  "$es_ES": "outdated",     "$es_ES_by": "IvanMaster",
  "$es_MX": "unavailable",  "$es_MX_by": "none",
  "$fr_FR": "unavailable",  "$fr_FR_by": "none",
  "$fr_CA": "unavailable",  "$fr_CA_by": "none",
  "$it_IT": "unavailable",  "$it_IT_by": "none",
  "$ja_JP": "outdated",     "$ja_JP_by": "4384 Illusioner",
  "$ko_KR": "outdated",     "$ko_KR_by": "Ha Ru, Baechu",
  "$pt_BR": "outdated",     "$pt_BR_by": "PedroESP_01, DanyCraftBR",
  "$ru_RU": "outdated",     "$ru_RU_by": "Egor YTShou",
  "$zh_CN": "outdated",     "$zh_CN_by": "玻璃杯, 戀 Koi",
  "$zh_TW": "outdated",     "$zh_TW_by": "玻璃杯, 戀 Koi",
  "$nl_NL": "unavailable",  "$nl_NL_by": "none",
  "$bg_BG": "unavailable",  "$bg_BG_by": "none",
  "$cs_CZ": "unavailable",  "$cs_CZ_by": "none",
  "$da_DK": "unavailable",  "$da_DK_by": "none",
  "$el_GR": "unavailable",  "$el_GR_by": "none",
  "$fi_FI": "unavailable",  "$fi_FI_by": "none",
  "$hu_HU": "unavailable",  "$hu_HU_by": "none",
  "$id_ID": "outdated",     "$id_ID_by": "AegisFlare37",
  "$nb_NO": "unavailable",  "$nb_NO_by": "none",
  "$pl_PL": "outdated",     "$pl_PL_by": "Kubil 333",
  "$sk_SK": "unavailable",  "$sk_SK_by": "none",
  "$sv_SE": "unavailable",  "$sv_SE_by": "none",
  "$tr_TR": "outdated",     "$tr_TR_by": "Marcos",
  "$uk_UA": "unavailable",  "$uk_UA_by": "none"
}