{
  "format_version": "1.10.0",
  "particle_effect": {
    "description": {
      "identifier": "magnet:attraction",
      "basic_render_parameters": {
        "material": "particles_blend",
        "texture": "textures/particle/particles"
      }
    },
 
   
    "components": {
      "minecraft:emitter_rate_instant": {
        "num_particles": 1
      },
      "minecraft:emitter_lifetime_once": {},
      "minecraft:emitter_shape_custom": {
        "offset": [ "Math.random(-0.25,0.25)", 0.0, "Math.random(-0.25,0.25)" ],
        "direction": [ "Math.random(-0.10, 0.15)", "Math.random(0, 1)", "Math.random(-0.10, 0.15)" ]
      },
      "minecraft:particle_initial_speed": "(Math.random(0, 1) + Math.random(0, 1) + 1) * 0.5",
      "minecraft:particle_lifetime_expression": {
        "max_lifetime": "Math.random(0.75, 1.25)"
      },
      "minecraft:particle_motion_dynamic": {
        "linear_acceleration": [
          "(variable.particle_random_1 * 2 - 1) - (variable.particle_age * 0.4)",
          "1 + (0.08 * variable.particle_age) - (variable.particle_age * 0.4)",
          "(variable.particle_random_2 * 2 - 1) - (variable.particle_age * 0.4)"
        ]
      },
      "minecraft:particle_motion_collision": {
        "enabled": 1,
        "collision_drag": 1.0,
        "coefficient_of_restitution": 1.0,
        "collision_radius": 0.5
      },
      "minecraft:particle_appearance_billboard": {
        "size": [ 0.1, 0.1 ],
        "facing_camera_mode": "lookat_xyz",
        "uv": {
          "texture_width": 128,
          "texture_height": 128,
          "uv": [ "Math.round(variable.particle_random_1*8)*8", 0 ],
          "uv_size": [ 8, 8 ]
        }
      },
      "minecraft:particle_appearance_tinting": {
        "color": [ "variable.particle_random_1 * 0.6 + 0.4", "(variable.particle_random_1 * 0.6 + 0.4) * 0.3", "(variable.particle_random_1 * 0.6 + 0.4) * 0.9", 1.0 ]
      }
    }
  }
}
