{
	"format_version": "1.10.0",
	"particle_effect": {
		"description": {
			"identifier": "magnets:magnetic_scan",
			"basic_render_parameters": {
				"material": "particles_alpha",
				"texture": "textures/particle/particles"
			}
		},
		"components": {
			"minecraft:emitter_local_space": {
				"position": true,
				"rotation": true
			},
			"minecraft:emitter_rate_instant": {
				"num_particles": "Math.random(60, 90)"
			},
			"minecraft:emitter_lifetime_looping": {
				"active_time": 1,
				"sleep_time": "Math.random(1.0, 1.5)"
			},
			"minecraft:emitter_shape_disc": {
				"offset": [0, -0.5, 0],
				"radius": 1,
				"surface_only": true,
				"direction": "outwards"
			},
			"minecraft:particle_lifetime_expression": {
				"max_lifetime": 4
			},
			"minecraft:particle_initial_spin": {
				"rotation_rate": "Math.random(-100, 100)"
			},
			"minecraft:particle_initial_speed": 3,
			"minecraft:particle_motion_dynamic": {},
			"minecraft:particle_appearance_billboard": {
				"size": ["0.04+variable.particle_random_2/5", "0.04+variable.particle_random_2/5"],
				"facing_camera_mode": "rotate_xyz",
				"uv": {
					"texture_width": 128,
					"texture_height": 128,
					"flipbook": {
						"base_UV": [64, 96],
						"size_UV": [8, 8],
						"step_UV": [-8, 0],
						"max_frame": 8,
						"stretch_to_lifetime": true
					}
				}
			},
			"minecraft:particle_appearance_tinting": {
				"color": {
					"interpolant": "Math.random(0.1,1.1)",
					"gradient": {
						"0.0": "#FFB4FF",
						"1.0": "#C000FF"
					}
				}
			}
		}
	}
}