{
	"format_version": "1.12.0",
	"minecraft:geometry": [
		{
			"description": {
				"identifier": "geometry.common_present",
				"texture_width": 64,
				"texture_height": 64,
				"visible_bounds_width": 2,
				"visible_bounds_height": 2,
				"visible_bounds_offset": [0, 1, 0]
			},
			"bones": [
				{
					"name": "present",
					"pivot": [0, 0, 0],
					"cubes": [
						{"origin": [-8, 0, -8], "size": [16, 13, 16], "uv": [0, 0]},
						{"origin": [-2, 13, -1], "size": [2, 2, 2], "uv": [8, 12]},
						{"origin": [0, 13, -1], "size": [2, 2, 2], "uv": [0, 12]},
						{"origin": [-2, 15, -1], "size": [1, 3, 2], "uv": [18, 29]},
						{"origin": [1, 15, -1], "size": [1, 3, 2], "uv": [0, 29]},
						{"origin": [-6, 18, -1], "size": [4, 1, 2], "uv": [0, 9]},
						{"origin": [2, 18, -1], "size": [4, 1, 2], "uv": [0, 3]},
						{"origin": [-6, 14, -1], "size": [4, 1, 2], "uv": [0, 6]},
						{"origin": [2, 14, -1], "size": [4, 1, 2], "uv": [0, 0]},
						{"origin": [-7, 15, -1], "size": [1, 3, 2], "uv": [12, 29]},
						{"origin": [6, 15, -1], "size": [1, 3, 2], "uv": [6, 29]}
					]
				}
			]
		}
	]
}