{
	"format_version": "1.12.0",
	"minecraft:geometry": [
		{
			"description": {
				"identifier": "geometry.epic_present",
				"texture_width": 64,
				"texture_height": 64,
				"visible_bounds_width": 2,
				"visible_bounds_height": 2,
				"visible_bounds_offset": [0, 1, 0]
			},
			"bones": [
				{
					"name": "EpicPresent",
					"pivot": [0, 0, 0]
				},
				{
					"name": "Base",
					"pivot": [0, 0, 0],
					"cubes": [
						{"origin": [-6, 0, -7], "size": [12, 14, 14], "uv": [0, 0]}
					]
				},
				{
					"name": "SideA",
					"parent": "Base",
					"pivot": [0, 0, 0],
					"cubes": [
						{"origin": [4, 0, 6], "size": [2, 2, 2], "uv": [3, 10]},
						{"origin": [4, 4, 6], "size": [2, 2, 2], "uv": [3, 10]},
						{"origin": [4, 8, 6], "size": [2, 2, 2], "uv": [3, 10]},
						{"origin": [4, 12, 6], "size": [2, 2, 2], "uv": [3, 10]},
						{"origin": [-4, 12, 6], "size": [2, 2, 2], "uv": [3, 10]},
						{"origin": [-4, 8, 6], "size": [2, 2, 2], "uv": [3, 10]},
						{"origin": [-6, 10, 6], "size": [2, 2, 2], "uv": [3, 10]},
						{"origin": [-4, 4, 6], "size": [2, 2, 2], "uv": [3, 10]},
						{"origin": [-4, 0, 6], "size": [2, 2, 2], "uv": [3, 10]},
						{"origin": [-6, 2, 6], "size": [2, 2, 2], "uv": [3, 10]},
						{"origin": [-6, 6, 6], "size": [2, 2, 2], "uv": [3, 10]},
						{"origin": [2, 10, 6], "size": [2, 2, 2], "uv": [3, 10]},
						{"origin": [2, 6, 6], "size": [2, 2, 2], "uv": [3, 10]},
						{"origin": [2, 2, 6], "size": [2, 2, 2], "uv": [3, 10]}
					]
				},
				{
					"name": "SideB",
					"parent": "Base",
					"pivot": [-13, 0, 1],
					"rotation": [0, 90, 0],
					"cubes": [
						{"origin": [-9, 0, 7], "size": [2, 2, 2], "pivot": [-13, 0, 1], "uv": [3, 10]},
						{"origin": [-9, 4, 7], "size": [2, 2, 2], "pivot": [-13, 0, 1], "uv": [3, 10]},
						{"origin": [-9, 8, 7], "size": [2, 2, 2], "pivot": [-13, 0, 1], "uv": [3, 10]},
						{"origin": [-9, 12, 7], "size": [2, 2, 2], "pivot": [-13, 0, 1], "uv": [3, 10]},
						{"origin": [-17, 12, 7], "size": [2, 2, 2], "pivot": [-13, 0, 1], "uv": [3, 10]},
						{"origin": [-17, 8, 7], "size": [2, 2, 2], "pivot": [-13, 0, 1], "uv": [3, 10]},
						{"origin": [-19, 10, 7], "size": [2, 2, 2], "pivot": [-13, 0, 1], "uv": [3, 10]},
						{"origin": [-17, 4, 7], "size": [2, 2, 2], "pivot": [-13, 0, 1], "uv": [3, 10]},
						{"origin": [-17, 0, 7], "size": [2, 2, 2], "pivot": [-13, 0, 1], "uv": [3, 10]},
						{"origin": [-19, 2, 7], "size": [2, 2, 2], "pivot": [-13, 0, 1], "uv": [3, 10]},
						{"origin": [-19, 6, 7], "size": [2, 2, 2], "pivot": [-13, 0, 1], "uv": [3, 10]},
						{"origin": [-7, 2, 7], "size": [2, 2, 2], "pivot": [-13, 0, 1], "uv": [3, 10]},
						{"origin": [-7, 6, 7], "size": [2, 2, 2], "pivot": [-13, 0, 1], "uv": [3, 10]},
						{"origin": [-7, 10, 7], "size": [2, 2, 2], "pivot": [-13, 0, 1], "uv": [3, 10]}
					]
				},
				{
					"name": "SideC",
					"parent": "Base",
					"pivot": [2, 0, 0],
					"rotation": [0, 180, 0],
					"cubes": [
						{"origin": [6, 0, 6], "size": [2, 2, 2], "pivot": [2, 0, 0], "uv": [3, 10]},
						{"origin": [6, 4, 6], "size": [2, 2, 2], "pivot": [2, 0, 0], "uv": [3, 10]},
						{"origin": [6, 8, 6], "size": [2, 2, 2], "pivot": [2, 0, 0], "uv": [3, 10]},
						{"origin": [6, 12, 6], "size": [2, 2, 2], "pivot": [2, 0, 0], "uv": [3, 10]},
						{"origin": [-2, 12, 6], "size": [2, 2, 2], "pivot": [2, 0, 0], "uv": [3, 10]},
						{"origin": [-2, 8, 6], "size": [2, 2, 2], "pivot": [2, 0, 0], "uv": [3, 10]},
						{"origin": [-2, 4, 6], "size": [2, 2, 2], "pivot": [2, 0, 0], "uv": [3, 10]},
						{"origin": [-2, 0, 6], "size": [2, 2, 2], "pivot": [2, 0, 0], "uv": [3, 10]},
						{"origin": [0, 6, 6], "size": [2, 2, 2], "pivot": [2, 0, 0], "uv": [3, 10]},
						{"origin": [0, 2, 6], "size": [2, 2, 2], "pivot": [2, 0, 0], "uv": [3, 10]},
						{"origin": [0, 10, 6], "size": [2, 2, 2], "pivot": [2, 0, 0], "uv": [3, 10]},
						{"origin": [8, 2, 6], "size": [2, 2, 2], "pivot": [2, 0, 0], "uv": [3, 10]},
						{"origin": [8, 6, 6], "size": [2, 2, 2], "pivot": [2, 0, 0], "uv": [3, 10]},
						{"origin": [8, 10, 6], "size": [2, 2, 2], "pivot": [2, 0, 0], "uv": [3, 10]}
					]
				},
				{
					"name": "SideD",
					"parent": "Base",
					"pivot": [-1, 0, 3],
					"rotation": [0, 90, 0],
					"cubes": [
						{"origin": [-5, 12, 9], "size": [2, 2, 2], "pivot": [-1, 0, 3], "uv": [3, 10]},
						{"origin": [7, 12, 9], "size": [2, 2, 2], "pivot": [-1, 0, 3], "uv": [3, 10]},
						{"origin": [-5, 8, 9], "size": [2, 2, 2], "pivot": [-1, 0, 3], "uv": [3, 10]},
						{"origin": [7, 8, 9], "size": [2, 2, 2], "pivot": [-1, 0, 3], "uv": [3, 10]},
						{"origin": [-5, 4, 9], "size": [2, 2, 2], "pivot": [-1, 0, 3], "uv": [3, 10]},
						{"origin": [7, 4, 9], "size": [2, 2, 2], "pivot": [-1, 0, 3], "uv": [3, 10]},
						{"origin": [-5, 0, 9], "size": [2, 2, 2], "pivot": [-1, 0, 3], "uv": [3, 10]},
						{"origin": [7, 0, 9], "size": [2, 2, 2], "pivot": [-1, 0, 3], "uv": [3, 10]},
						{"origin": [-3, 6, 9], "size": [2, 2, 2], "pivot": [-1, 0, 3], "uv": [3, 10]},
						{"origin": [-3, 2, 9], "size": [2, 2, 2], "pivot": [-1, 0, 3], "uv": [3, 10]},
						{"origin": [-3, 10, 9], "size": [2, 2, 2], "pivot": [-1, 0, 3], "uv": [3, 10]},
						{"origin": [5, 2, 9], "size": [2, 2, 2], "pivot": [-1, 0, 3], "uv": [3, 10]},
						{"origin": [5, 6, 9], "size": [2, 2, 2], "pivot": [-1, 0, 3], "uv": [3, 10]},
						{"origin": [5, 10, 9], "size": [2, 2, 2], "pivot": [-1, 0, 3], "uv": [3, 10]}
					]
				},
				{
					"name": "Snowflake",
					"pivot": [7, 8, 3],
					"rotation": [0, 90, -90],
					"cubes": [
						{"origin": [8, 13, 8], "size": [4, 4, 2], "pivot": [7, 8, 3], "uv": [10, 21]}
					]
				},
				{
					"name": "SideA2",
					"parent": "Snowflake",
					"pivot": [7, 8, 3],
					"cubes": [
						{"origin": [12, 17, 9], "size": [1, 1, 1], "pivot": [7, 8, 3], "uv": [10, 21]},
						{"origin": [13, 18, 9], "size": [1, 1, 1], "pivot": [7, 8, 3], "uv": [10, 21]},
						{"origin": [14, 19, 9], "size": [1, 1, 1], "pivot": [7, 8, 3], "uv": [10, 21]},
						{"origin": [15, 20, 9], "size": [1, 1, 1], "pivot": [7, 8, 3], "uv": [10, 21]}
					]
				},
				{
					"name": "SideB2",
					"parent": "Snowflake",
					"pivot": [7, 8, 3],
					"cubes": [
						{"origin": [15, 9, 9], "size": [1, 1, 1], "pivot": [7, 8, 3], "uv": [10, 21]},
						{"origin": [14, 10, 9], "size": [1, 1, 1], "pivot": [7, 8, 3], "uv": [10, 21]},
						{"origin": [13, 11, 9], "size": [1, 1, 1], "pivot": [7, 8, 3], "uv": [10, 21]},
						{"origin": [12, 12, 9], "size": [1, 1, 1], "pivot": [7, 8, 3], "uv": [10, 21]}
					]
				},
				{
					"name": "SideC2",
					"parent": "Snowflake",
					"pivot": [7, 8, 3],
					"cubes": [
						{"origin": [4, 9, 9], "size": [1, 1, 1], "pivot": [7, 8, 3], "uv": [10, 21]},
						{"origin": [5, 10, 9], "size": [1, 1, 1], "pivot": [7, 8, 3], "uv": [10, 21]},
						{"origin": [6, 11, 9], "size": [1, 1, 1], "pivot": [7, 8, 3], "uv": [10, 21]},
						{"origin": [7, 12, 9], "size": [1, 1, 1], "pivot": [7, 8, 3], "uv": [10, 21]}
					]
				},
				{
					"name": "SideD2",
					"parent": "Snowflake",
					"pivot": [7, 8, 3],
					"cubes": [
						{"origin": [4, 20, 9], "size": [1, 1, 1], "pivot": [7, 8, 3], "uv": [10, 21]},
						{"origin": [5, 19, 9], "size": [1, 1, 1], "pivot": [7, 8, 3], "uv": [10, 21]},
						{"origin": [6, 18, 9], "size": [1, 1, 1], "pivot": [7, 8, 3], "uv": [10, 21]},
						{"origin": [7, 17, 9], "size": [1, 1, 1], "pivot": [7, 8, 3], "uv": [10, 21]}
					]
				},
				{
					"name": "SideBetween",
					"parent": "Snowflake",
					"pivot": [7, 8, 3],
					"cubes": [
						{"origin": [12, 15, 9], "size": [1, 1, 1], "pivot": [7, 8, 3], "uv": [10, 21]},
						{"origin": [13, 15, 9], "size": [1, 1, 1], "pivot": [7, 8, 3], "uv": [10, 21]},
						{"origin": [14, 14, 9], "size": [1, 1, 1], "pivot": [7, 8, 3], "uv": [10, 21]},
						{"origin": [15, 14, 9], "size": [1, 1, 1], "pivot": [7, 8, 3], "uv": [10, 21]},
						{"origin": [16, 15, 9], "size": [1, 1, 1], "pivot": [7, 8, 3], "uv": [10, 21]},
						{"origin": [10, 12, 9], "size": [1, 1, 1], "pivot": [7, 8, 3], "uv": [10, 21]},
						{"origin": [9, 11, 9], "size": [1, 1, 1], "pivot": [7, 8, 3], "uv": [10, 21]},
						{"origin": [9, 10, 9], "size": [1, 1, 1], "pivot": [7, 8, 3], "uv": [10, 21]},
						{"origin": [10, 9, 9], "size": [1, 1, 1], "pivot": [7, 8, 3], "uv": [10, 21]},
						{"origin": [7, 14, 9], "size": [1, 1, 1], "pivot": [7, 8, 3], "uv": [10, 21]},
						{"origin": [6, 14, 9], "size": [1, 1, 1], "pivot": [7, 8, 3], "uv": [10, 21]},
						{"origin": [5, 14, 9], "size": [1, 1, 1], "pivot": [7, 8, 3], "uv": [10, 21]},
						{"origin": [4, 15, 9], "size": [1, 1, 1], "pivot": [7, 8, 3], "uv": [10, 21]},
						{"origin": [3, 15, 9], "size": [1, 1, 1], "pivot": [7, 8, 3], "uv": [10, 21]},
						{"origin": [9, 17, 9], "size": [1, 1, 1], "pivot": [7, 8, 3], "uv": [10, 21]},
						{"origin": [9, 18, 9], "size": [1, 1, 1], "pivot": [7, 8, 3], "uv": [10, 21]},
						{"origin": [10, 19, 9], "size": [1, 1, 1], "pivot": [7, 8, 3], "uv": [10, 21]},
						{"origin": [10, 20, 9], "size": [1, 1, 1], "pivot": [7, 8, 3], "uv": [10, 21]},
						{"origin": [9, 20, 9], "size": [1, 1, 1], "pivot": [7, 8, 3], "uv": [10, 21]}
					]
				},
				{
					"name": "TieKnot",
					"parent": "Snowflake",
					"pivot": [0, 0, 0],
					"cubes": [
						{"origin": [9, 14, 10], "size": [1, 1, 1], "uv": [0, 30]},
						{"origin": [10, 15, 10], "size": [1, 1, 1], "uv": [0, 30]}
					]
				},
				{
					"name": "SideA3",
					"parent": "TieKnot",
					"pivot": [0, 0, 0],
					"cubes": [
						{"origin": [11, 15, 11], "size": [2, 1, 1], "uv": [0, 30]},
						{"origin": [11, 15, 13], "size": [2, 1, 1], "uv": [0, 30]},
						{"origin": [12, 15, -14], "size": [1, 1, 1], "rotation": [0, -90, 0], "uv": [0, 30]},
						{"origin": [11, 15, -11], "size": [2, 1, 1], "rotation": [0, -90, 0], "uv": [0, 30]}
					]
				},
				{
					"name": "SideB3",
					"parent": "TieKnot",
					"pivot": [-3, -1, 0],
					"cubes": [
						{"origin": [8, 14, 11], "size": [2, 1, 1], "pivot": [-3, -1, 0], "uv": [0, 30]},
						{"origin": [9, 14, 13], "size": [1, 1, 2], "pivot": [-3, -1, 0], "uv": [0, 30]},
						{"origin": [8, 14, -14], "size": [3, 1, 1], "pivot": [-3, -1, 0], "rotation": [0, -90, 0], "uv": [0, 30]},
						{"origin": [9, 14, -11], "size": [1, 1, 1], "pivot": [-3, -1, 0], "rotation": [0, -90, 0], "uv": [0, 30]},
						{"origin": [10, 14, -12], "size": [1, 1, 1], "pivot": [-3, -1, 0], "rotation": [0, -90, 0], "uv": [0, 30]}
					]
				},
				{
					"name": "Snowflake2",
					"pivot": [7, -7, 3],
					"rotation": [0, 90, -90],
					"cubes": [
						{"origin": [8, -2, 9], "size": [4, 4, 2], "pivot": [7, -7, 3], "uv": [7, 21]}
					]
				},
				{
					"name": "SideA4",
					"parent": "Snowflake2",
					"pivot": [7, -7, 3],
					"cubes": [
						{"origin": [12, 2, 9], "size": [1, 1, 1], "pivot": [7, -7, 3], "uv": [7, 21]},
						{"origin": [13, 3, 9], "size": [1, 1, 1], "pivot": [7, -7, 3], "uv": [7, 21]},
						{"origin": [14, 4, 9], "size": [1, 1, 1], "pivot": [7, -7, 3], "uv": [7, 21]},
						{"origin": [15, 5, 9], "size": [1, 1, 1], "pivot": [7, -7, 3], "uv": [7, 21]}
					]
				},
				{
					"name": "SideB4",
					"parent": "Snowflake2",
					"pivot": [7, -7, 3],
					"cubes": [
						{"origin": [15, -6, 9], "size": [1, 1, 1], "pivot": [7, -7, 3], "uv": [7, 21]},
						{"origin": [14, -5, 9], "size": [1, 1, 1], "pivot": [7, -7, 3], "uv": [7, 21]},
						{"origin": [13, -4, 9], "size": [1, 1, 1], "pivot": [7, -7, 3], "uv": [7, 21]},
						{"origin": [12, -3, 9], "size": [1, 1, 1], "pivot": [7, -7, 3], "uv": [7, 21]}
					]
				},
				{
					"name": "SideC3",
					"parent": "Snowflake2",
					"pivot": [7, -7, 3],
					"cubes": [
						{"origin": [4, -6, 9], "size": [1, 1, 1], "pivot": [7, -7, 3], "uv": [7, 21]},
						{"origin": [5, -5, 9], "size": [1, 1, 1], "pivot": [7, -7, 3], "uv": [7, 21]},
						{"origin": [6, -4, 9], "size": [1, 1, 1], "pivot": [7, -7, 3], "uv": [7, 21]},
						{"origin": [7, -3, 9], "size": [1, 1, 1], "pivot": [7, -7, 3], "uv": [7, 21]}
					]
				},
				{
					"name": "SideD3",
					"parent": "Snowflake2",
					"pivot": [7, -7, 3],
					"cubes": [
						{"origin": [4, 5, 9], "size": [1, 1, 1], "pivot": [7, -7, 3], "uv": [7, 21]},
						{"origin": [5, 4, 9], "size": [1, 1, 1], "pivot": [7, -7, 3], "uv": [7, 21]},
						{"origin": [6, 3, 9], "size": [1, 1, 1], "pivot": [7, -7, 3], "uv": [7, 21]},
						{"origin": [7, 2, 9], "size": [1, 1, 1], "pivot": [7, -7, 3], "uv": [7, 21]}
					]
				},
				{
					"name": "SideBetween2",
					"parent": "Snowflake2",
					"pivot": [7, -7, 3],
					"cubes": [
						{"origin": [12, 0, 9], "size": [1, 1, 1], "pivot": [7, -7, 3], "uv": [7, 21]},
						{"origin": [13, 0, 9], "size": [1, 1, 1], "pivot": [7, -7, 3], "uv": [7, 21]},
						{"origin": [14, -1, 9], "size": [1, 1, 1], "pivot": [7, -7, 3], "uv": [7, 21]},
						{"origin": [15, -1, 9], "size": [1, 1, 1], "pivot": [7, -7, 3], "uv": [7, 21]},
						{"origin": [16, 0, 9], "size": [1, 1, 1], "pivot": [7, -7, 3], "uv": [7, 21]},
						{"origin": [10, -3, 9], "size": [1, 1, 1], "pivot": [7, -7, 3], "uv": [7, 21]},
						{"origin": [9, -4, 9], "size": [1, 1, 1], "pivot": [7, -7, 3], "uv": [7, 21]},
						{"origin": [9, -5, 9], "size": [1, 1, 1], "pivot": [7, -7, 3], "uv": [7, 21]},
						{"origin": [10, -6, 9], "size": [1, 1, 1], "pivot": [7, -7, 3], "uv": [7, 21]},
						{"origin": [7, -1, 9], "size": [1, 1, 1], "pivot": [7, -7, 3], "uv": [7, 21]},
						{"origin": [6, -1, 9], "size": [1, 1, 1], "pivot": [7, -7, 3], "uv": [7, 21]},
						{"origin": [5, -1, 9], "size": [1, 1, 1], "pivot": [7, -7, 3], "uv": [7, 21]},
						{"origin": [4, 0, 9], "size": [1, 1, 1], "pivot": [7, -7, 3], "uv": [7, 21]},
						{"origin": [3, 0, 9], "size": [1, 1, 1], "pivot": [7, -7, 3], "uv": [7, 21]},
						{"origin": [9, 2, 9], "size": [1, 1, 1], "pivot": [7, -7, 3], "uv": [7, 21]},
						{"origin": [9, 3, 9], "size": [1, 1, 1], "pivot": [7, -7, 3], "uv": [7, 21]},
						{"origin": [10, 4, 9], "size": [1, 1, 1], "pivot": [7, -7, 3], "uv": [7, 21]},
						{"origin": [10, 5, 9], "size": [1, 1, 1], "pivot": [7, -7, 3], "uv": [7, 21]},
						{"origin": [9, 5, 9], "size": [1, 1, 1], "pivot": [7, -7, 3], "uv": [7, 21]}
					]
				}
			]
		}
	]
}