{
	"format_version": "1.12.0",
	"minecraft:geometry": [
		{
			"description": {
				"identifier": "geometry.legendary_present",
				"texture_width": 64,
				"texture_height": 64,
				"visible_bounds_width": 2,
				"visible_bounds_height": 2,
				"visible_bounds_offset": [0, 1, 0]
			},
			"bones": [
				{
					"name": "Base",
					"pivot": [0, 0, 0],
					"cubes": [
						{"origin": [-8, 0, -8], "size": [16, 16, 16], "uv": [0, 0]}
					]
				},
				{
					"name": "TieWrap",
					"pivot": [0, 0, 0]
				},
				{
					"name": "TopKnot",
					"parent": "TieWrap",
					"pivot": [0, 0, 0],
					"cubes": [
						{"origin": [-1, 17, -1], "size": [2, 1, 3], "uv": [0, 2]},
						{"origin": [-3, 18, -1], "size": [2, 1, 3], "uv": [0, 2]},
						{"origin": [1, 18, -2], "size": [2, 1, 3], "uv": [0, 2]},
						{"origin": [3, 19, -2], "size": [2, 1, 3], "uv": [0, 2]},
						{"origin": [-5, 19, -1], "size": [2, 1, 3], "uv": [0, 2]},
						{"origin": [-6, 20, -1], "size": [2, 1, 3], "uv": [0, 2]},
						{"origin": [4, 20, -2], "size": [2, 1, 3], "uv": [0, 2]},
						{"origin": [2, 21, -2], "size": [2, 1, 3], "uv": [0, 2]},
						{"origin": [-4, 21, -1], "size": [2, 1, 3], "uv": [0, 2]},
						{"origin": [-3, 20, -1], "size": [2, 1, 3], "uv": [0, 2]},
						{"origin": [1, 20, -2], "size": [2, 1, 3], "uv": [0, 2]},
						{"origin": [-1, 18, -2], "size": [2, 2, 4], "uv": [0, 2]}
					]
				},
				{
					"name": "GiftWrap",
					"parent": "TieWrap",
					"pivot": [0, 0, 0],
					"cubes": [
						{"origin": [-1, 0, -9], "size": [2, 16, 1], "uv": [5, 0]},
						{"origin": [-1, 0, 8], "size": [2, 16, 1], "uv": [5, 0]},
						{"origin": [8, 0, -1], "size": [1, 16, 2], "uv": [5, 0]},
						{"origin": [8, -8, -10], "size": [1, 16, 2], "rotation": [-90, 0, 0], "uv": [5, 0]},
						{"origin": [-9, -8, -10], "size": [1, 16, 2], "rotation": [-90, 0, 0], "uv": [5, 0]},
						{"origin": [-9, -8, -10], "size": [1, 16, 2], "rotation": [-90, -90, 0], "uv": [5, 0]},
						{"origin": [8, -8, -10], "size": [1, 16, 2], "rotation": [-90, -90, 0], "uv": [5, 0]},
						{"origin": [-9, 0, -1], "size": [1, 16, 2], "uv": [5, 0]},
						{"origin": [-1, -8, -1], "size": [1, 16, 2], "rotation": [0, 0, -90], "uv": [5, 0]},
						{"origin": [16, -8, -1], "size": [1, 16, 2], "rotation": [0, 0, -90], "uv": [5, 0]},
						{"origin": [-1, -8, -1], "size": [1, 16, 2], "rotation": [90, 0, -90], "uv": [5, 0]},
						{"origin": [16, -8, -1], "size": [1, 16, 2], "rotation": [90, 0, -90], "uv": [5, 0]}
					]
				}
			]
		}
	]
}