{
	"format_version": "1.12.0",
	"minecraft:geometry": [
		{
			"description": {
				"identifier": "geometry.rare_present",
				"texture_width": 64,
				"texture_height": 64,
				"visible_bounds_width": 2,
				"visible_bounds_height": 2,
				"visible_bounds_offset": [0, 1, 0]
			},
			"bones": [
				{
					"name": "present",
					"pivot": [0, 0, 0],
					"cubes": [
						{"origin": [-6, 0, -6], "size": [12, 14, 12], "uv": [0, 0]}
					]
				},
				{
					"name": "KnotA",
					"parent": "present",
					"pivot": [0, 0, 0],
					"cubes": [
						{"origin": [-1, 14, -1], "size": [1, 1, 1], "uv": [9, 28]},
						{"origin": [-1, 15, -1], "size": [1, 3, 2], "uv": [0, 0]},
						{"origin": [-3, 17, -1], "size": [3, 1, 2], "uv": [1, 9]},
						{"origin": [-4, 16, -1], "size": [1, 1, 2], "uv": [7, 28]},
						{"origin": [-3, 15, -1], "size": [2, 1, 2], "uv": [0, 6]}
					]
				},
				{
					"name": "KnotB",
					"parent": "present",
					"pivot": [-6, 0, 13],
					"rotation": [0, 180, 0],
					"cubes": [
						{"origin": [-13, 14, 26], "size": [1, 1, 1], "uv": [10, 28]},
						{"origin": [-13, 15, 26], "size": [1, 3, 2], "pivot": [-6, 0, 13], "uv": [0, 0]},
						{"origin": [-15, 17, 26], "size": [3, 1, 2], "pivot": [-6, 0, 13], "uv": [0, 9]},
						{"origin": [-16, 16, 26], "size": [1, 1, 2], "pivot": [-6, 0, 13], "uv": [13, 28]},
						{"origin": [-15, 15, 26], "size": [2, 1, 2], "pivot": [-6, 0, 13], "uv": [0, 6]}
					]
				}
			]
		}
	]
}