{
	"format_version": "1.12.0",
	"minecraft:geometry": [
		{
			"description": {
				"identifier": "geometry.forge_table",
				"texture_width": 128,
				"texture_height": 128,
				"visible_bounds_width": 2,
				"visible_bounds_height": 1,
				"visible_bounds_offset": [0, 0, 0]
			},
			"bones": [
				{
					"name": "bone",
					"pivot": [2, 0, -8],
					"cubes": [
						{
							"origin": [-3, 0, -4],
							"size": [6, 2, 8],
							"uv": {
								"north": {"uv": [11, 24], "uv_size": [71, 32]},
								"east": {"uv": [63, 68], "uv_size": [65, 60]},
								"south": {"uv": [16, 32], "uv_size": [69, 31]},
								"west": {"uv": [0, 0], "uv_size": [65, 60]},
								"up": {"uv": [2, 29], "uv_size": [124, 43]},
								"down": {"uv": [4, 96], "uv_size": [120, -45]}
							}
						},
						{
							"origin": [-2, 2, -3],
							"size": [4, 2, 6],
							"uv": {
								"north": {"uv": [20, 32], "uv_size": [80, 55]},
								"east": {"uv": [90, 64], "uv_size": [-52, 28]},
								"south": {"uv": [99, 40], "uv_size": [-88, 55]},
								"west": {"uv": [121, 17], "uv_size": [-47, 29]},
								"up": {"uv": [127, 22], "uv_size": [-33, 53]},
								"down": {"uv": [128, 75], "uv_size": [-30, -53]}
							}
						},
						{
							"origin": [-1, 4, -2],
							"size": [2, 1, 4],
							"uv": {
								"north": {"uv": [50, 73], "uv_size": [-2, 1]},
								"east": {"uv": [58, 64], "uv_size": [-1, 4]},
								"south": {"uv": [59, 60], "uv_size": [-2, 1]},
								"west": {"uv": [57, 21], "uv_size": [-1, 4]},
								"up": {"uv": [49, 62], "uv_size": [-2, 4]},
								"down": {"uv": [11, 55], "uv_size": [-2, -4]}
							}
						},
						{
							"origin": [-4, 5, -5],
							"size": [8, 4, 10],
							"uv": {
								"north": {"uv": [7, 29], "uv_size": [103, 19]},
								"east": {"uv": [0, 0], "uv_size": [128, 22]},
								"south": {"uv": [15, 12], "uv_size": [100, 17]},
								"west": {"uv": [0, 0], "uv_size": [128, 22]},
								"up": {"uv": [0, 0], "uv_size": [128, 128]},
								"down": {"uv": [0, 128], "uv_size": [128, -128]}
							}
						},
						{
							"origin": [-2, 7, 5],
							"size": [4, 2, 2],
							"uv": {
								"north": {"uv": [5, 34], "uv_size": [61, 27]},
								"east": {"uv": [78, 22], "uv_size": [30, 30]},
								"south": {"uv": [31, 21], "uv_size": [70, 35]},
								"west": {"uv": [25, 16], "uv_size": [30, 30]},
								"up": {"uv": [30, 15], "uv_size": [74, 31]},
								"down": {"uv": [0, 31], "uv_size": [75, -31]}
							}
						},
						{
							"origin": [-3, 6, -6],
							"size": [6, 3, 1],
							"uv": {
								"north": {"uv": [25, 35], "uv_size": [94, 31]},
								"east": {"uv": [62, 57], "uv_size": [26, 35]},
								"south": {"uv": [24, 75], "uv_size": [90, 28]},
								"west": {"uv": [33, 26], "uv_size": [20, 31]},
								"up": {"uv": [23, 98], "uv_size": [81, 13]},
								"down": {"uv": [33, 61], "uv_size": [55, -21]}
							}
						}
					]
				}
			]
		}
	]
}