{
	"format_version": "1.12.0",
	"minecraft:geometry": [
		{
			"description": {
				"identifier": "geometry.plan_table",
				"texture_width": 128,
				"texture_height": 128,
				"visible_bounds_width": 5,
				"visible_bounds_height": 4,
				"visible_bounds_offset": [0, 0, 0]
			},
			"bones": [
				{
					"name": "tablepart",
					"pivot": [0, 0, 0],
					"cubes": [
						{"origin": [-21, 31, -3], "size": [42, 2, 21], "pivot": [-0.5, 32, 10], "rotation": [27.5, 0, 0], "uv": [0, 0]},
						{"origin": [-21, 22, 14], "size": [42, 3, 6], "pivot": [-0.5, 24, 10], "rotation": [27.5, 0, 0], "uv": [0, 0]},
						{"origin": [-21, 25, 10], "size": [42, 2, 9], "pivot": [-0.5, 26, 10], "rotation": [27.5, 0, 0], "uv": [0, 0]},
						{"origin": [-21, 28.15437, 5.71753], "size": [42, 2, 13], "pivot": [0, 29.15437, 12.21753], "rotation": [27.5, 0, 0], "uv": [0, 0]},
						{"origin": [-21, 29, 1], "size": [42, 2, 18], "pivot": [-0.5, 30, 10], "rotation": [27.5, 0, 0], "uv": [0, 0]}
					]
				},
				{
					"name": "legs",
					"parent": "tablepart",
					"pivot": [4, 15.01415, 15.06385],
					"cubes": [
						{"origin": [17, 0, 0], "size": [3, 25, 4], "uv": [114, 68]},
						{"origin": [-20, 0, 0], "size": [3, 25, 4], "uv": [114, 68]},
						{"origin": [-20, 0, 18], "size": [3, 25, 4], "uv": [114, 68]},
						{"origin": [17, 0, 18], "size": [3, 25, 4], "uv": [114, 68]}
					]
				},
				{
					"name": "top_part",
					"parent": "tablepart",
					"pivot": [0, -1, 0],
					"cubes": [
						{"origin": [22, 33, -4], "size": [1, 3, 25], "pivot": [39.5, 34, 10], "rotation": [27.5, 0, 0], "uv": [0, 72]},
						{"origin": [-23, 33, -4], "size": [1, 3, 25], "pivot": [-2.5, 34, 10], "rotation": [27.5, 0, 0], "uv": [0, 72]},
						{"origin": [-22, 33, -4], "size": [44, 2, 25], "pivot": [-0.5, 34, 10], "rotation": [27.5, 0, 0], "uv": [0, 101]}
					]
				},
				{
					"name": "cabinet",
					"parent": "tablepart",
					"pivot": [0, 0, 0],
					"cubes": [
						{"origin": [-21, 25.07077, 17.31923], "size": [42, 12, 2], "pivot": [0, 31.57077, 18.31923], "rotation": [20, 0, 0], "uv": [0, 0]},
						{"origin": [-22, 23, -2], "size": [44, 4, 25], "uv": [0, 30]}
					]
				}
			]
		}
	]
}