{
	"format_version": "1.12.0",
	"minecraft:geometry": [
		{
			"description": {
				"identifier": "geometry.sturdy_table",
				"texture_width": 256,
				"texture_height": 256,
				"visible_bounds_width": 5,
				"visible_bounds_height": 5,
				"visible_bounds_offset": [0, 0, 0]
			},
			"bones": [
				{
					"name": "tablepart",
					"pivot": [0, 8.83333, 0],
					"rotation": [0, -90, 0],
					"cubes": [
						{"origin": [-28, 23, -28], "size": [56, 7, 56], "uv": [0, 85]}
					],
					"locators": {
						"table_stage": [0, 31, 0]
					}
				},
				{
					"name": "supporting_blocks",
					"parent": "tablepart",
					"pivot": [0, -19, 0],
					"cubes": [
						{"origin": [-24, 17, -24], "size": [48, 6, 48], "uv": [0, 27]},
						{"origin": [-16, 10, -18], "size": [34, 7, 37], "uv": [0, 150]},
						{"origin": [-24, 0, -24], "size": [47, 10, 50], "uv": [0, 196]}
					]
				}
			]
		}
	]
}