{
  "format_version": "1.13.0",
  "minecraft:entity": {
    "description": {
      "identifier": "r4isen:x-axis",
      "is_spawnable": false,
      "is_summonable": false,
      "is_experimental": false,
      "scripts": {"animate": [ "x-axis" ] },
      "animations": {"x-axis": "controller.animation.x-axis"}
    },

    "component_groups": {
      "despawn": {
	    "minecraft:despawn": { }
	  }
	},
	
    "components": {
      "minecraft:tick_world": {
        "radius": 4,
        "never_despawn": true
      },
      "minecraft:collision_box": {
        "width": 0.1,
        "height": 0.1
      },
      "minecraft:is_hidden_when_invisible": {
      },
      "minecraft:loot": {
        "table": "empty.json"
      },
      "minecraft:nameable": {
        "alwaysShow": true,
        "allowNameTagRenaming": false
      },
      "minecraft:physics": {
        "has_gravity": false,
        "has_collision": false
      },
      "minecraft:damage_sensor":{
        "triggers":{
          "cause":"any",
          "deals_damage":false
        }
      }
    },
    
    "events": {
	  "event_despawn": {
	    "add": {
		  "component_groups": [ "despawn" ]
		}
	  }
	}
  }
}