{
  "format_version": "1.8.0",
  "minecraft:entity": {
    "description": {
      "identifier": "pl:rare_present_shot",
      "is_spawnable": false,
      "is_summonable": true,
      "is_experimental": false,
      "runtime_identifier": "minecraft:snowball"
    },
    "components": {
      "minecraft:collision_box": {
        "width": 0.1,
        "height": 0.1
      },
      "minecraft:projectile": {
        "onHit": {
          "impact_damage": {
            "filter": "blaze",
            "damage": 3,
            "knockback": true
          },
          "remove_on_hit": { },
          "particle_on_hit": {
            "particle_type": "snowballpoof",
            "num_particles": 6,
            "on_entity_hit": true,
            "on_other_hit": true
          }
        },
        "power": 1.5,
        "gravity": 0.0,
        "angleoffset": 1.0
      },
	    "minecraft:physics": {
      }
    }
  }
}
