[{
		"flipbook_texture": "textures/blocks/conveyor/conveyor_blocks/conveyor_up",
		"atlas_tile": "conveyor_block_up",
		"ticks_per_frame": 4,
		"frames": [0, 1, 2, 3]
	},
	{
		"flipbook_texture": "textures/blocks/conveyor/conveyor_blocks/conveyor_down",
		"atlas_tile": "conveyor_block_down",
		"ticks_per_frame": 4,
		"frames": [0, 1, 2, 3]
	},
	{
		"flipbook_texture": "textures/blocks/conveyor/conveyor_blocks/conveyor_left",
		"atlas_tile": "conveyor_block_left",
		"ticks_per_frame": 4,
		"frames": [0, 1, 2, 3]
	},
	{
		"flipbook_texture": "textures/blocks/conveyor/conveyor_blocks/conveyor_right",
		"atlas_tile": "conveyor_block_right",
		"ticks_per_frame": 4,
		"frames": [0, 1, 2, 3]
	},

	{
		"flipbook_texture": "textures/blocks/conveyor/sticky_conveyor_blocks/sticky_conveyor_up",
		"atlas_tile": "sticky_conveyor_block_up",
		"ticks_per_frame": 4,
		"frames": [0, 1, 2, 3]
	},
	{
		"flipbook_texture": "textures/blocks/conveyor/sticky_conveyor_blocks/sticky_conveyor_down",
		"atlas_tile": "sticky_conveyor_block_down",
		"ticks_per_frame": 4,
		"frames": [0, 1, 2, 3]
	},
	{
		"flipbook_texture": "textures/blocks/conveyor/sticky_conveyor_blocks/sticky_conveyor_left",
		"atlas_tile": "sticky_conveyor_block_left",
		"ticks_per_frame": 4,
		"frames": [0, 1, 2, 3]
	},
	{
		"flipbook_texture": "textures/blocks/conveyor/sticky_conveyor_blocks/sticky_conveyor_right",
		"atlas_tile": "sticky_conveyor_block_right",
		"ticks_per_frame": 4,
		"frames": [0, 1, 2, 3]
	},
	{
		"flipbook_texture": "textures/blocks/conveyor/conveyor_blocks/conveyor_block_side_west",
		"atlas_tile": "conveyor_block_side_west",
		"ticks_per_frame": 4,
		"frames": [0, 1, 2, 3]
	},
	{
		"flipbook_texture": "textures/blocks/conveyor/conveyor_blocks/conveyor_block_side_east",
		"atlas_tile": "conveyor_block_side_east",
		"ticks_per_frame": 4,
		"frames": [0, 1, 2, 3]
	},
	
	{
		"flipbook_texture": "textures/blocks/conveyor/phase_conveyor/phase_conveyor_up",
		"atlas_tile": "phase_conveyor_block_up",
		"ticks_per_frame": 2,
		"frames": [0, 1, 2, 3, 4, 5, 6, 7, 7, 7, 7, 7, 7, 7]
	},
	{
		"flipbook_texture": "textures/blocks/conveyor/phase_conveyor/phase_conveyor_down",
		"atlas_tile": "phase_conveyor_block_down",
		"ticks_per_frame": 2,
		"frames": [0, 1, 2, 3, 4, 5, 6, 7, 7, 7, 7, 7, 7, 7]
	},
	{
		"flipbook_texture": "textures/blocks/conveyor/phase_conveyor/phase_conveyor_left",
		"atlas_tile": "phase_conveyor_block_left",
		"ticks_per_frame": 2,
		"frames": [0, 1, 2, 3, 4, 5, 6, 7, 7, 7, 7, 7, 7, 7]
	},
	{
		"flipbook_texture": "textures/blocks/conveyor/phase_conveyor/phase_conveyor_right",
		"atlas_tile": "phase_conveyor_block_right",
		"ticks_per_frame": 2,
		"frames": [0, 1, 2, 3, 4, 5, 6, 7, 7, 7, 7, 7, 7, 7]
	},
	
	
	{
		"flipbook_texture": "textures/blocks/conveyor/conveyor_blocks/lifter/player_lifter_top",
		"atlas_tile": "player_lifter_top",
		"ticks_per_frame": 6,
		"frames": [0, 1, 1, 2, 2, 2, 3, 3, 3, 4, 4, 4, 4, 0]
	},
	{
		"flipbook_texture": "textures/blocks/conveyor/conveyor_blocks/lifter/player_lifter_bottom",
		"atlas_tile": "player_lifter_bottom",
		"ticks_per_frame": 4,
		"frames": [0, 1, 2, 3]
	},


	{
		"flipbook_texture": "textures/blocks/conveyor/end_conveyors/end_conveyor_black",
		"atlas_tile": "end_conveyor_black",
		"ticks_per_frame": 2,
		"frames": [5, 6, 7, 8, 9, 1, 2, 3, 4, 5, 6, 7, 8, 9, 1, 2, 3, 4, 5, 6, 7, 8, 9, 8, 7, 6, 5, 4, 3, 2, 1, 0, 9, 8, 7, 6, 5, 4, 3, 2, 1, 0, 1, 2, 3, 4]
	},
	{
		"flipbook_texture": "textures/blocks/conveyor/end_conveyors/end_conveyor_blue",
		"atlas_tile": "end_conveyor_blue",
		"ticks_per_frame": 2,
		"frames": [5, 6, 7, 8, 9, 1, 2, 3, 4, 5, 6, 7, 8, 9, 1, 2, 3, 4, 5, 6, 7, 8, 9, 8, 7, 6, 5, 4, 3, 2, 1, 0, 9, 8, 7, 6, 5, 4, 3, 2, 1, 0, 1, 2, 3, 4]
	},
	{
		"flipbook_texture": "textures/blocks/conveyor/end_conveyors/end_conveyor_brown",
		"atlas_tile": "end_conveyor_brown",
		"ticks_per_frame": 2,
		"frames": [5, 6, 7, 8, 9, 1, 2, 3, 4, 5, 6, 7, 8, 9, 1, 2, 3, 4, 5, 6, 7, 8, 9, 8, 7, 6, 5, 4, 3, 2, 1, 0, 9, 8, 7, 6, 5, 4, 3, 2, 1, 0, 1, 2, 3, 4]
	},
	{
		"flipbook_texture": "textures/blocks/conveyor/end_conveyors/end_conveyor_cyan",
		"atlas_tile": "end_conveyor_cyan",
		"ticks_per_frame": 2,
		"frames": [5, 6, 7, 8, 9, 1, 2, 3, 4, 5, 6, 7, 8, 9, 1, 2, 3, 4, 5, 6, 7, 8, 9, 8, 7, 6, 5, 4, 3, 2, 1, 0, 9, 8, 7, 6, 5, 4, 3, 2, 1, 0, 1, 2, 3, 4]
	},
	{
		"flipbook_texture": "textures/blocks/conveyor/end_conveyors/end_conveyor_green",
		"atlas_tile": "end_conveyor_green",
		"ticks_per_frame": 2,
		"frames": [5, 6, 7, 8, 9, 1, 2, 3, 4, 5, 6, 7, 8, 9, 1, 2, 3, 4, 5, 6, 7, 8, 9, 8, 7, 6, 5, 4, 3, 2, 1, 0, 9, 8, 7, 6, 5, 4, 3, 2, 1, 0, 1, 2, 3, 4]
	},
	{
		"flipbook_texture": "textures/blocks/conveyor/end_conveyors/end_conveyor_grey",
		"atlas_tile": "end_conveyor_grey",
		"ticks_per_frame": 2,
		"frames": [5, 6, 7, 8, 9, 1, 2, 3, 4, 5, 6, 7, 8, 9, 1, 2, 3, 4, 5, 6, 7, 8, 9, 8, 7, 6, 5, 4, 3, 2, 1, 0, 9, 8, 7, 6, 5, 4, 3, 2, 1, 0, 1, 2, 3, 4]
	},
	{
		"flipbook_texture": "textures/blocks/conveyor/end_conveyors/end_conveyor_light_blue",
		"atlas_tile": "end_conveyor_light_blue",
		"ticks_per_frame": 2,
		"frames": [5, 6, 7, 8, 9, 1, 2, 3, 4, 5, 6, 7, 8, 9, 1, 2, 3, 4, 5, 6, 7, 8, 9, 8, 7, 6, 5, 4, 3, 2, 1, 0, 9, 8, 7, 6, 5, 4, 3, 2, 1, 0, 1, 2, 3, 4]
	},
	{
		"flipbook_texture": "textures/blocks/conveyor/end_conveyors/end_conveyor_light_grey",
		"atlas_tile": "end_conveyor_light_grey",
		"ticks_per_frame": 2,
		"frames": [5, 6, 7, 8, 9, 1, 2, 3, 4, 5, 6, 7, 8, 9, 1, 2, 3, 4, 5, 6, 7, 8, 9, 8, 7, 6, 5, 4, 3, 2, 1, 0, 9, 8, 7, 6, 5, 4, 3, 2, 1, 0, 1, 2, 3, 4]
	},
	{
		"flipbook_texture": "textures/blocks/conveyor/end_conveyors/end_conveyor_lime",
		"atlas_tile": "end_conveyor_lime",
		"ticks_per_frame": 2,
		"frames": [5, 6, 7, 8, 9, 1, 2, 3, 4, 5, 6, 7, 8, 9, 1, 2, 3, 4, 5, 6, 7, 8, 9, 8, 7, 6, 5, 4, 3, 2, 1, 0, 9, 8, 7, 6, 5, 4, 3, 2, 1, 0, 1, 2, 3, 4]
	},
	{
		"flipbook_texture": "textures/blocks/conveyor/end_conveyors/end_conveyor_magenta",
		"atlas_tile": "end_conveyor_magenta",
		"ticks_per_frame": 2,
		"frames": [5, 6, 7, 8, 9, 1, 2, 3, 4, 5, 6, 7, 8, 9, 1, 2, 3, 4, 5, 6, 7, 8, 9, 8, 7, 6, 5, 4, 3, 2, 1, 0, 9, 8, 7, 6, 5, 4, 3, 2, 1, 0, 1, 2, 3, 4]
	},
	{
		"flipbook_texture": "textures/blocks/conveyor/end_conveyors/end_conveyor_orange",
		"atlas_tile": "end_conveyor_orange",
		"ticks_per_frame": 2,
		"frames": [5, 6, 7, 8, 9, 1, 2, 3, 4, 5, 6, 7, 8, 9, 1, 2, 3, 4, 5, 6, 7, 8, 9, 8, 7, 6, 5, 4, 3, 2, 1, 0, 9, 8, 7, 6, 5, 4, 3, 2, 1, 0, 1, 2, 3, 4]
	},
	{
		"flipbook_texture": "textures/blocks/conveyor/end_conveyors/end_conveyor_pink",
		"atlas_tile": "end_conveyor_pink",
		"ticks_per_frame": 2,
		"frames": [5, 6, 7, 8, 9, 1, 2, 3, 4, 5, 6, 7, 8, 9, 1, 2, 3, 4, 5, 6, 7, 8, 9, 8, 7, 6, 5, 4, 3, 2, 1, 0, 9, 8, 7, 6, 5, 4, 3, 2, 1, 0, 1, 2, 3, 4]
	},
	{
		"flipbook_texture": "textures/blocks/conveyor/end_conveyors/end_conveyor_purple",
		"atlas_tile": "end_conveyor_purple",
		"ticks_per_frame": 2,
		"frames": [5, 6, 7, 8, 9, 1, 2, 3, 4, 5, 6, 7, 8, 9, 1, 2, 3, 4, 5, 6, 7, 8, 9, 8, 7, 6, 5, 4, 3, 2, 1, 0, 9, 8, 7, 6, 5, 4, 3, 2, 1, 0, 1, 2, 3, 4]
	},
	{
		"flipbook_texture": "textures/blocks/conveyor/end_conveyors/end_conveyor_red",
		"atlas_tile": "end_conveyor_red",
		"ticks_per_frame": 2,
		"frames": [5, 6, 7, 8, 9, 1, 2, 3, 4, 5, 6, 7, 8, 9, 1, 2, 3, 4, 5, 6, 7, 8, 9, 8, 7, 6, 5, 4, 3, 2, 1, 0, 9, 8, 7, 6, 5, 4, 3, 2, 1, 0, 1, 2, 3, 4]
	},
	{
		"flipbook_texture": "textures/blocks/conveyor/end_conveyors/end_conveyor_white",
		"atlas_tile": "end_conveyor_white",
		"ticks_per_frame": 2,
		"frames": [5, 6, 7, 8, 9, 1, 2, 3, 4, 5, 6, 7, 8, 9, 1, 2, 3, 4, 5, 6, 7, 8, 9, 8, 7, 6, 5, 4, 3, 2, 1, 0, 9, 8, 7, 6, 5, 4, 3, 2, 1, 0, 1, 2, 3, 4]
	},
	{
		"flipbook_texture": "textures/blocks/conveyor/end_conveyors/end_conveyor_yellow",
		"atlas_tile": "end_conveyor_yellow",
		"ticks_per_frame": 2,
		"frames": [5, 6, 7, 8, 9, 1, 2, 3, 4, 5, 6, 7, 8, 9, 1, 2, 3, 4, 5, 6, 7, 8, 9, 8, 7, 6, 5, 4, 3, 2, 1, 0, 9, 8, 7, 6, 5, 4, 3, 2, 1, 0, 1, 2, 3, 4]
	},


	{
		"flipbook_texture": "textures/blocks/conveyor/chutes/chute_hole_in",
		"atlas_tile": "chute_hole_in",
		"ticks_per_frame": 2,
		"frames": [0, 1, 2, 3, 4, 0, 0, 0, 0, 0, 0, 0, 0]
	},
	{
		"flipbook_texture": "textures/blocks/conveyor/chutes/chute_hole_out",
		"atlas_tile": "chute_hole_out",
		"ticks_per_frame": 2,
		"frames": [0, 1, 2, 3, 4, 0, 0, 0, 0, 0, 0, 0, 0]
	},
	{
		"flipbook_texture": "textures/blocks/conveyor/chutes/chute_side_upward",
		"atlas_tile": "chute_side_upward",
		"ticks_per_frame": 2,
		"frames": [0, 1, 2, 3, 4, 0, 0, 0, 0, 0, 0, 0, 0]
	},
	{
		"flipbook_texture": "textures/blocks/conveyor/chutes/chute_side_downward",
		"atlas_tile": "chute_side_downward",
		"ticks_per_frame": 2,
		"frames": [0, 1, 2, 3, 4, 0, 0, 0, 0, 0, 0, 0, 0]
	},
	
	{
		"flipbook_texture": "textures/blocks/conveyor/item_junction",
		"atlas_tile": "item_junction_side",
		"ticks_per_frame": 4,
		"frames": [0, 1, 2, 2, 2, 2, 2]
	},
	
	{
		"flipbook_texture": "textures/blocks/conveyor/item_filter/item_filter_x",
		"atlas_tile": "item_filter_x",
		"ticks_per_frame": 3,
		"frames": [0, 1, 2, 3, 4, 0, 0, 0, 0, 0, 0, 0, 0]
	},
	{
		"flipbook_texture": "textures/blocks/conveyor/item_filter/item_filter_inverted_x",
		"atlas_tile": "item_filter_inverted_x",
		"ticks_per_frame": 3,
		"frames": [0, 1, 2, 3, 4, 0, 0, 0, 0, 0, 0, 0, 0]
	},
	{
		"flipbook_texture": "textures/blocks/conveyor/item_filter/item_filter_z",
		"atlas_tile": "item_filter_z",
		"ticks_per_frame": 3,
		"frames": [0, 1, 2, 3, 4, 0, 0, 0, 0, 0, 0, 0, 0]
	},
	{
		"flipbook_texture": "textures/blocks/conveyor/item_filter/item_filter_inverted_z",
		"atlas_tile": "item_filter_inverted_z",
		"ticks_per_frame": 3,
		"frames": [0, 1, 2, 3, 4, 0, 0, 0, 0, 0, 0, 0, 0]
	},
	
	{
		"flipbook_texture": "textures/blocks/conveyor/item_crafter",
		"atlas_tile": "item_crafter",
		"ticks_per_frame": 4,
		"frames": [0, 1, 2, 0, 0, 0, 0]
	},
	{
		"flipbook_texture": "textures/blocks/conveyor/item_smelter",
		"atlas_tile": "item_smelter",
		"ticks_per_frame": 16,
		"frames": [0, 1, 2, 1, 2, 1, 0, 1, 2, 1, 0]
	},
	
	{
		"flipbook_texture": "textures/blocks/conveyor/block_breaker/block_breaker_side",
		"atlas_tile": "block_breaker_side",
		"ticks_per_frame": 16,
		"frames": [0, 1, 2, 1, 2, 1, 0, 1, 2, 1, 0]
	},
	{
		"flipbook_texture": "textures/blocks/conveyor/block_breaker/block_breaker_front",
		"atlas_tile": "block_breaker_front",
		"ticks_per_frame": 16,
		"frames": [0, 1, 2, 1, 2, 1, 0, 1, 2, 1, 0]
	},
	
	{
		"flipbook_texture": "textures/blocks/conveyor/laser_block/laser_block_side",
		"atlas_tile": "laser_block_side",
		"ticks_per_frame": 16,
		"frames": [0, 1, 2, 1, 2, 1, 0, 1, 2, 1, 0]
	},
	{
		"flipbook_texture": "textures/blocks/conveyor/laser_block/laser_block_front",
		"atlas_tile": "laser_block_front",
		"ticks_per_frame": 16,
		"frames": [0, 1, 2, 1, 2, 1, 0, 1, 2, 1, 0]
	},
	
	{
		"flipbook_texture": "textures/blocks/conveyor/item_vacuum/item_vacuum_top",
		"atlas_tile": "item_vacuum_top",
		"ticks_per_frame": 2,
		"frames": [0, 1, 2, 3, 4, 0, 0, 0, 0, 0, 0, 0, 0]
	},
	
	{
		"flipbook_texture": "textures/blocks/forge_table/forge_table_top_quarry",
		"atlas_tile": "forge_table_top_quarry",
		"ticks_per_frame": 16,
		"frames": [0, 1]
	}
	
]