{
  "resource_pack_name": "quarry",
  "texture_name": "atlas.items",
  "texture_data": {
	  "steel": {
      "textures": "textures/items/steel"
    },
    "conveyor_belt": {
      "textures": "textures/items/conveyor/conveyor_belt"
    },
    "sticky_conveyor_belt": {
      "textures": "textures/items/conveyor/sticky_conveyor_belt"
    },
    "phase_conveyor": {
      "textures": "textures/items/conveyor/phase_conveyor"
    },
    "end_conveyor": {
      "textures": "textures/items/conveyor/end_conveyor"
    },
    "chute_upward": {
      "textures": "textures/items/conveyor/chute_upward"
    },
    "chute_downward": {
      "textures": "textures/items/conveyor/chute_downward"
    },
    "item_junction": {
      "textures": "textures/items/conveyor/item_junction"
    },
    "item_filter": {
      "textures": "textures/items/conveyor/item_filter"
    },
    "item_filter_inverted": {
      "textures": "textures/items/conveyor/item_filter_inverted"
    },
    "block_breaker": {
      "textures": "textures/items/conveyor/block_breaker"
    },
    "laser_block": {
      "textures": "textures/items/conveyor/laser_block"
    },
    "item_crafter": {
      "textures": "textures/items/conveyor/item_crafter"
    },
    "item_smelter": {
      "textures": "textures/items/conveyor/item_smelter"
    },
    "item_vacuum": {
      "textures": "textures/items/conveyor/item_vacuum"
    },
    "player_lifter": {
      "textures": "textures/items/conveyor/player_lifter"
    },
    "empty_blueprint": {
      "textures": "textures/items/empty_blueprint"
    },
	"blueprint": {
      "textures": "textures/items/blueprint"
    },
    "forge_table": {
      "textures": "textures/items/forge_table"
    },
    "plan_table": {
      "textures": "textures/items/plan_table"
    }
  }
}