{
  "resource_pack_name": "quarry",
  "texture_name": "atlas.terrain",
  "padding": 8,
  "num_mip_levels": 4,
  "texture_data": {
    "steel_block": { "textures": [ "textures/blocks/steel_block" ] },
    "forge_table_top": { "textures": [ "textures/blocks/forge_table/forge_table_top" ] },
    "forge_table_top_quarry": { "textures": [ "textures/blocks/forge_table/forge_table_top_quarry" ] },
    "forge_table_side": { "textures": [ "textures/blocks/forge_table/forge_table_side" ] },
    "forge_table_bottom": { "textures": [ "textures/blocks/forge_table/forge_table_bottom" ] },
    
    "plan_table_top": { "textures": [ "textures/blocks/plan_table/plan_table_top" ] },
    "plan_table_top_blueprint": { "textures": [ "textures/blocks/plan_table/plan_table_top_blueprint" ] },
    "plan_table_side": { "textures": [ "textures/blocks/plan_table/plan_table_side" ] },
    
    "item_junction_side": { "textures": [ "textures/blocks/conveyor/item_junction" ] },
    "item_crafter": { "textures": [ "textures/blocks/conveyor/item_crafter" ] },
    "item_smelter": { "textures": [ "textures/blocks/conveyor/item_smelter" ] },
    
	"item_filter_x": { "textures": [ "textures/blocks/conveyor/item_filter/item_filter_x" ] },
    "item_filter_inverted_x": { "textures": [ "textures/blocks/conveyor/item_filter/item_filter_inverted_x" ] },
    "item_filter_z": { "textures": [ "textures/blocks/conveyor/item_filter/item_filter_z" ] },
    "item_filter_inverted_z": { "textures": [ "textures/blocks/conveyor/item_filter/item_filter_inverted_z" ] },
   
    "item_vacuum_front": { "textures": [ "textures/blocks/conveyor/item_vacuum/item_vacuum_front" ] },
    "item_vacuum_back": { "textures": [ "textures/blocks/conveyor/item_vacuum/item_vacuum_back" ] },
    "item_vacuum_side": { "textures": [ "textures/blocks/conveyor/item_vacuum/item_vacuum_side" ] },
   
	"block_breaker_side": { "textures": [ "textures/blocks/conveyor/block_breaker/block_breaker_side" ] },
    "block_breaker_front": { "textures": [ "textures/blocks/conveyor/block_breaker/block_breaker_front" ] },
    
    "laser_block_side": { "textures": [ "textures/blocks/conveyor/laser_block/laser_block_side" ] },
    "laser_block_front": { "textures": [ "textures/blocks/conveyor/laser_block/laser_block_front" ] },
    
    "player_lifter_top": { "textures": [ "textures/blocks/conveyor/conveyor_blocks/lifter/player_lifter_top" ] },
    "player_lifter_side": { "textures": [ "textures/blocks/conveyor/conveyor_blocks/lifter/player_lifter_side" ] },
    "player_lifter_bottom": { "textures": [ "textures/blocks/conveyor/conveyor_blocks/lifter/player_lifter_bottom" ] },
    
    "conveyor_block_side_west": { "textures": [ "textures/blocks/conveyor/conveyor_blocks/conveyor_block_side_west" ] },
    "conveyor_block_side_east": { "textures": [ "textures/blocks/conveyor/conveyor_blocks/conveyor_block_side_east" ] },
    "conveyor_block_up": { "textures": [ "textures/blocks/conveyor/conveyor_blocks/conveyor_up" ] },
    "conveyor_block_down": { "textures": [ "textures/blocks/conveyor/conveyor_blocks/conveyor_down" ] },
    "conveyor_block_left": { "textures": [ "textures/blocks/conveyor/conveyor_blocks/conveyor_left" ] },
    "conveyor_block_right": { "textures": [ "textures/blocks/conveyor/conveyor_blocks/conveyor_right" ] },
    
    "sticky_conveyor_block_up": { "textures": [ "textures/blocks/conveyor/sticky_conveyor_blocks/sticky_conveyor_up" ] },
    "sticky_conveyor_block_down": { "textures": [ "textures/blocks/conveyor/sticky_conveyor_blocks/sticky_conveyor_down" ] },
    "sticky_conveyor_block_left": { "textures": [ "textures/blocks/conveyor/sticky_conveyor_blocks/sticky_conveyor_left" ] },
    "sticky_conveyor_block_right": { "textures": [ "textures/blocks/conveyor/sticky_conveyor_blocks/sticky_conveyor_right" ] },
  
    "phase_conveyor_block_point": { "textures": [ "textures/blocks/conveyor/phase_conveyor/phase_conveyor_point" ] },
    "phase_conveyor_block_up": { "textures": [ "textures/blocks/conveyor/phase_conveyor/phase_conveyor_up" ] },
    "phase_conveyor_block_down": { "textures": [ "textures/blocks/conveyor/phase_conveyor/phase_conveyor_down" ] },
    "phase_conveyor_block_left": { "textures": [ "textures/blocks/conveyor/phase_conveyor/phase_conveyor_left" ] },
    "phase_conveyor_block_right": { "textures": [ "textures/blocks/conveyor/phase_conveyor/phase_conveyor_right" ] },
    
    "chute_hole_in": { "textures": [ "textures/blocks/conveyor/chutes/chute_hole_in" ] },
    "chute_hole_out": { "textures": [ "textures/blocks/conveyor/chutes/chute_hole_out" ] },
    "chute_side_upward": { "textures": [ "textures/blocks/conveyor/chutes/chute_side_upward" ] },
    "chute_side_downward": { "textures": [ "textures/blocks/conveyor/chutes/chute_side_downward" ] },
    
    "end_conveyor": { "textures": [ "textures/blocks/conveyor/end_conveyors/end_conveyor" ] },
    "end_conveyor_black": { "textures": [ "textures/blocks/conveyor/end_conveyors/end_conveyor_black" ] },
    "end_conveyor_blue": { "textures": [ "textures/blocks/conveyor/end_conveyors/end_conveyor_blue" ] },
    "end_conveyor_brown": { "textures": [ "textures/blocks/conveyor/end_conveyors/end_conveyor_brown" ] },
    "end_conveyor_cyan": { "textures": [ "textures/blocks/conveyor/end_conveyors/end_conveyor_cyan" ] },
    "end_conveyor_green": { "textures": [ "textures/blocks/conveyor/end_conveyors/end_conveyor_green" ] },
    "end_conveyor_grey": { "textures": [ "textures/blocks/conveyor/end_conveyors/end_conveyor_grey" ] },
    "end_conveyor_light_blue": { "textures": [ "textures/blocks/conveyor/end_conveyors/end_conveyor_light_blue" ] },
    "end_conveyor_light_grey": { "textures": [ "textures/blocks/conveyor/end_conveyors/end_conveyor_light_grey" ] },
    "end_conveyor_lime": { "textures": [ "textures/blocks/conveyor/end_conveyors/end_conveyor_lime" ] },
    "end_conveyor_magenta": { "textures": [ "textures/blocks/conveyor/end_conveyors/end_conveyor_magenta" ] },
    "end_conveyor_orange": { "textures": [ "textures/blocks/conveyor/end_conveyors/end_conveyor_orange" ] },
    "end_conveyor_pink": { "textures": [ "textures/blocks/conveyor/end_conveyors/end_conveyor_pink" ] },
    "end_conveyor_purple": { "textures": [ "textures/blocks/conveyor/end_conveyors/end_conveyor_purple" ] },
    "end_conveyor_red": { "textures": [ "textures/blocks/conveyor/end_conveyors/end_conveyor_red" ] },
    "end_conveyor_white": { "textures": [ "textures/blocks/conveyor/end_conveyors/end_conveyor_white" ] },
    "end_conveyor_yellow": { "textures": [ "textures/blocks/conveyor/end_conveyors/end_conveyor_yellow" ] }
    }
}