{
  "format_version": "1.14.0",
  "minecraft:entity": {
    "description": {
      "identifier": "minecraft:ghast",
      "is_spawnable": true,
      "is_summonable": true,
      "is_experimental": false
    },

    "components": {
      "minecraft:experience_reward": {
        "on_death": "query.last_hit_by_player ? 5 + (query.equipment_count * Math.Random(1,3)) : 0"
      },
      "minecraft:breathable": {
        "total_supply": 15,
        "suffocate_time": 0
      },
      "minecraft:fire_immune": {
      },
      "minecraft:nameable": {
      },
      "minecraft:health": {
        "value": 10,
        "max": 10
      },
      "minecraft:collision_box": {
        "width": 4,
        "height": 4
      },
      "minecraft:movement": {
        "value": 0.03
      },
      "minecraft:navigation.float": {
        "can_path_over_water": true
      },
      "minecraft:behavior.float_wander": {
        "priority": 2,
        "must_reach": true
      },
      "minecraft:can_fly": {
      },
      "minecraft:loot": {
        "table": "loot_tables/entities/ghast.json"
      },
      "minecraft:shooter": {
        "def": "minecraft:fireball"
      },
      "minecraft:type_family": {
        "family": [ "ghast", "monster", "mob" ]
      },
      "minecraft:damage_sensor": {
        "triggers": [
          {
            "on_damage":{
              "filters":{
                "all_of":[
                  {"test":"is_family", "subject":"damager", "value":"fireball"},
                  {"test":"has_tag", "subject":"other", "operator":"!=", "value":"adv18"},
                  {"test":"has_damage", "subject":"self", "value":"fatal"}
                ]
              },
              "event":"advancement:adv18",
              "target":"other"
            },
            "deals_damage":true
          },
          {
            "on_damage":{
              "filters":{
                "all_of":[
                  {"test":"is_family", "subject":"other", "value":"player"},
                  {"test":"has_tag", "subject":"other", "operator":"!=", "value":"adv26"},
                  {"test":"in_nether", "subject":"self", "value":false},
                  {"test":"has_damage", "subject":"self", "value":"fatal"}
                ]
              },
              "event":"advancement:adv26",
              "target":"other"
            },
            "deals_damage":true
          },
          {
            "on_damage": {
              "filters": {
                "all_of": [
                  {"test": "has_damage","value": "fatal"},
                  {"test": "is_family","subject": "other","value": "player"},
                  {"test": "has_tag","subject": "other","operator": "!=","value": "killed_ghast"},
                  {"test": "has_component","subject": "damager","operator": "!=","value": "minecraft:is_charged"}
                ]
              },
              "event": "testfor:slain_ghast",
              "target": "other"
            }
          },
          {
            "on_damage": {
              "filters": {
                "all_of": [
                  {"test": "has_damage","value": "fatal"},
                  {"test": "is_family","subject": "damager","value": "crossbow_arrow"},
                  {"test": "has_tag","subject": "other","operator": "!=","value": "unique_ghast"},
                  {"test": "has_component","subject": "damager","value": "minecraft:is_charged"}
                ]
              },
              "event": "atkCount:unique_ghast",
              "target": "other"
            }
          },
          {
            "cause": "fall",
            "deals_damage": false
          }
        ]
      },
      "minecraft:lookat": {
        "search_radius": 128.0,
        "set_target": false,
        "look_cooldown": 0.0,
        "allow_invulnerable": false,
        "filters": {
          "all_of": [
            {"test": "is_family","subject": "other","value": "player"},
            {"test": "has_tag","subject": "other","value": "is_using_spyglass"},
            {"test": "has_tag","subject": "other","value": "scanplayer"}
          ]
        },
        "look_event": {
          "event": "testfor:is_lookat",
          "target": "self"
        }
      },
      "minecraft:jump.static": {
      },
      "minecraft:despawn": {
        "despawn_from_distance": {}
      },
      "minecraft:behavior.float": {
        "priority": 0
      },
      "minecraft:behavior.ranged_attack": {
        "priority": 1,
        "attack_radius": 64,
        "charge_shoot_trigger": 2,
        "charge_charged_trigger": 1
      },
      "minecraft:follow_range": {
        "value": 64,
        "max": 64
      },
      "minecraft:behavior.hurt_by_target": {
        "priority": 1
      },
      "minecraft:behavior.nearest_attackable_target": {
        "priority": 2,
        "entity_types": [
          {
            "filters": {
              "test": "is_family",
              "subject": "other",
              "value": "player"
            },
            "max_dist": 28
          }
        ],
        "must_see": true
      },
      "minecraft:physics": {
      },
      "minecraft:pushable": {
        "is_pushable": true,
        "is_pushable_by_piston": true
      },
      "minecraft:conditional_bandwidth_optimization": {
      }
    },
    
    "events": {
      "testfor:is_lookat":{
        "run_command": {
          "command":["execute @a[c=1,tag=is_using_spyglass,tag=!adv84,tag=scanplayer] ~~~ function advancement/grant/adventure/spyglass_at_ghast"]
        }
      }
    }
  }
}