{
  "format_version": "1.8.0",
  "minecraft:entity": {
    "description": {
      "identifier": "pl:epic_present_launcher_trigger",
      "is_spawnable": false,
      "is_summonable": false,
      "is_experimental": false
    },
	
	"component_groups": {
	  "pl:launch_present": {
	    "minecraft:type_family": {
	      "family": [ "despawn" ]
	    },
		"minecraft:spawn_entity": [
		  {
		    "min_wait_time": 0,
		    "max_wait_time": 0,
			"single_use": true,
			"spawn_entity": "pl:epic_present_shot",
			"num_to_spawn": 1
		  }
		]
	  },
	  "pl:despawn": {
	    "minecraft:type_family": {
	      "family": [ "despawn" ]
	    }
	  }
	},
	
	"components": {
	  "minecraft:timer": {
	    "looping": false,
		"randomInterval": false,
		"time": 0.3,
		"time_down_event": {
		  "event": "pl:event_despawn"
		}
	  },
	  "minecraft:physics": {
	    "has_gravity": false,
		"has_collision": false
	  },
	  "minecraft:damage_sensor": [
	    {
		  "cause": "any",
		  "deals_damage": false
		}
	  ],
	  "minecraft:interact": [
	    {
		  "on_interact": {
		    "filters": {
			  "all_of": [
			    {
				  "test": "is_family",
				  "subject": "other",
				  "value": "player"
				},
				{
				  "test": "has_equipment",
				  "subject": "other",
				  "domain": "hand",
				  "value": "pl:epic_present_launcher"
				}
			  ]
			},
			"event": "pl:event_launch_present"
		  },
		  "interact_text": "action.interact.fire",
		  "transform_to_item": "pl:present_launcher_empty",
          "play_sounds": "launch"
		}
	  ],
	  "minecraft:despawn": {
	    "filters": {
		  "all_of": [
		    { "test": "is_family", "subject": "self", "value": "despawn" }
		  ]
		}
	  }
	},
	
	"events": {
	  "pl:event_despawn": {
	    "add": {
		  "component_groups": [ "pl:despawn" ]
		}
	  },
	  "pl:event_launch_present": {
	    "add": {
		  "component_groups": [ "pl:launch_present" ]
		}
	  }
	}
  }
}