{
	"format_version": "1.10.0",
	"particle_effect": {
		"description": {
			"identifier": "quarry:laser_point_north",
			"basic_render_parameters": {
				"material": "particles_alpha",
				"texture": "textures/particle/particles"
			}
		},
		"components": {
			"minecraft:emitter_rate_instant": {
				"num_particles": 10
			},
			"minecraft:emitter_lifetime_looping": {
				"active_time": 0.5
			},
			"minecraft:emitter_shape_box": {
				"offset": [0, 0.5, -4],
				"half_dimensions": [0, 0, -2.5]
			},
			"minecraft:particle_lifetime_expression": {
				"max_lifetime": "Math.random(1.0, 4.0)"
			},
			"minecraft:particle_initial_spin": {
				"rotation": "Math.random(0, 360)",
				"rotation_rate": "Math.random(-300, 300)"
			},
			"minecraft:particle_initial_speed": 0,
			"minecraft:particle_motion_dynamic": {
				"rotation_drag_coefficient": 0.3
			},
			"minecraft:particle_appearance_billboard": {
				"size": [0.05, 0.05],
				"facing_camera_mode": "lookat_xyz",
				"uv": {
					"texture_width": 128,
					"texture_height": 128,
					"flipbook": {
						"base_UV": [56, 0],
						"size_UV": [8, 8],
						"step_UV": [-8, 0],
						"frames_per_second": 8,
						"max_frame": 8,
						"stretch_to_lifetime": true
					}
				}
			},
			"minecraft:particle_appearance_tinting": {
				"color": {
					"interpolant": "variable.particle_age",
					"gradient": {
						"0.0": "#FF0000",
						"1.0": "#FF3838"
					}
				}
			}
		}
	}
}