{
  "format_version": [ 1, 1, 0 ],
  "quarry:conveyor_lifter": {
    "textures": {
	  "up": "player_lifter_top",
	  "down": "player_lifter_bottom",
	  "side": "player_lifter_side"
	},
    "sound": "stone"
  },
    "quarry:steel_block": {
    "textures": {
	  "up": "steel_block",
	  "down": "steel_block",
	  "side": "steel_block"
	},
    "sound": "netherite"
  },
  "quarry:item_junction": {
    "textures": {
	  "up": "item_junction_side",
	  "down": "item_junction_side",
	  "side": "item_junction_side"
	},
    "sound": "stone"
  },
  
  "quarry:item_filter_x": {
    "textures": {
	  "up": "item_filter_x",
	  "down": "item_filter_x",
	  "side": "item_filter_x"
	},
    "sound": "stone"
  },
  "quarry:item_filter_z": {
    "textures": {
	  "up": "item_filter_z",
	  "down": "item_filter_z",
	  "side": "item_filter_z"
	},
    "sound": "stone"
  },
  "quarry:item_filter_inverted_x": {
    "textures": {
	  "up": "item_filter_inverted_x",
	  "down": "item_filter_inverted_x",
	  "side": "item_filter_inverted_x"
	},
    "sound": "stone"
  },
  "quarry:item_filter_inverted_z": {
    "textures": {
	  "up": "item_filter_inverted_z",
	  "down": "item_filter_inverted_z",
	  "side": "item_filter_inverted_z"
	},
    "sound": "stone"
  },
  
  "quarry:item_crafter": {
    "textures": {
	  "up": "item_crafter",
	  "down": "item_crafter",
	  "side": "item_crafter"
	},
    "sound": "stone"
  },
  "quarry:item_smelter": {
    "textures": {
	  "up": "item_smelter",
	  "down": "item_smelter",
	  "side": "item_smelter"
	},
    "sound": "stone"
  },
  
  "quarry:item_vacuum_up": {
    "textures": {
	  "up": "item_vacuum_side",
	  "down": "item_vacuum_side",
	  "north": "item_vacuum_front",
	  "south": "item_vacuum_back",
	  "west": "item_vacuum_side",
	  "east": "item_vacuum_side"
	},
    "sound": "stone"
  },
  "quarry:item_vacuum_down": {
    "textures": {
	  "up": "item_vacuum_side",
	  "down": "item_vacuum_side",
	  "north": "item_vacuum_back",
	  "south": "item_vacuum_front",
	  "west": "item_vacuum_side",
	  "east": "item_vacuum_side"
	},
    "sound": "stone"
  },
  "quarry:item_vacuum_left": {
    "textures": {
	  "up": "item_vacuum_side",
	  "down": "item_vacuum_side",
	  "north": "item_vacuum_side",
	  "south": "item_vacuum_side",
	  "west": "item_vacuum_front",
	  "east": "item_vacuum_back"
	},
    "sound": "stone"
  },
  "quarry:item_vacuum_right": {
    "textures": {
	  "up": "item_vacuum_side",
	  "down": "item_vacuum_side",
	  "north": "item_vacuum_side",
	  "south": "item_vacuum_side",
	  "west": "item_vacuum_back",
	  "east": "item_vacuum_front"
	},
    "sound": "stone"
  },
  
  "quarry:block_breaker_up": {
    "textures": {
	  "up": "block_breaker_side",
	  "down": "block_breaker_side",
	  "north": "block_breaker_front",
	  "south": "block_breaker_side",
	  "west": "block_breaker_side",
	  "east": "block_breaker_side"
	},
    "sound": "stone"
  },
  "quarry:block_breaker_down": {
    "textures": {
	  "up": "block_breaker_side",
	  "down": "block_breaker_side",
	  "north": "block_breaker_side",
	  "south": "block_breaker_front",
	  "west": "block_breaker_side",
	  "east": "block_breaker_side"
	},
    "sound": "stone"
  },
  "quarry:block_breaker_left": {
    "textures": {
	  "up": "block_breaker_side",
	  "down": "block_breaker_side",
	  "north": "block_breaker_side",
	  "south": "block_breaker_side",
	  "west": "block_breaker_front",
	  "east": "block_breaker_side"
	},
    "sound": "stone"
  },
  "quarry:block_breaker_right": {
    "textures": {
	  "up": "block_breaker_side",
	  "down": "block_breaker_side",
	  "north": "block_breaker_side",
	  "south": "block_breaker_side",
	  "west": "block_breaker_side",
	  "east": "block_breaker_front"
	},
    "sound": "stone"
  },
  
  "quarry:laser_block_up": {
    "textures": {
	  "up": "laser_block_side",
	  "down": "laser_block_side",
	  "north": "laser_block_front",
	  "south": "laser_block_side",
	  "west": "laser_block_side",
	  "east": "laser_block_side"
	},
    "sound": "stone"
  },
  "quarry:laser_block_down": {
    "textures": {
	  "up": "laser_block_side",
	  "down": "laser_block_side",
	  "north": "laser_block_side",
	  "south": "laser_block_front",
	  "west": "laser_block_side",
	  "east": "laser_block_side"
	},
    "sound": "stone"
  },
  "quarry:laser_block_left": {
    "textures": {
	  "up": "laser_block_side",
	  "down": "laser_block_side",
	  "north": "laser_block_side",
	  "south": "laser_block_side",
	  "west": "laser_block_front",
	  "east": "laser_block_side"
	},
    "sound": "stone"
  },
  "quarry:laser_block_right": {
    "textures": {
	  "up": "laser_block_side",
	  "down": "laser_block_side",
	  "north": "laser_block_side",
	  "south": "laser_block_side",
	  "west": "laser_block_side",
	  "east": "laser_block_front"
	},
    "sound": "stone"
  },
  
  "quarry:conveyor_block_up": {
    "textures": {
	  "up": "conveyor_block_up",
	  "down": "conveyor_block_up",
	  "north": "conveyor_block_down",
	  "south": "conveyor_block_up",
	  "west": "conveyor_block_side_west",
	  "east": "conveyor_block_side_east"
	},
    "sound": "stone"
  },
  "quarry:conveyor_block_down": {
    "textures": {
	  "up": "conveyor_block_down",
	  "down": "conveyor_block_down",
	  "north": "conveyor_block_up",
	  "south": "conveyor_block_down",
	  "west": "conveyor_block_side_east",
	  "east": "conveyor_block_side_west"
	},
    "sound": "stone"
  },
  "quarry:conveyor_block_left": {
    "textures": {
	  "up": "conveyor_block_left",
	  "down": "conveyor_block_right",
	  "north": "conveyor_block_side_east",
	  "south": "conveyor_block_side_west",
	  "west": "conveyor_block_down",
	  "east": "conveyor_block_up"
	},
    "sound": "stone"
  },
  "quarry:conveyor_block_right": {
    "textures": {
	  "up": "conveyor_block_right",
	  "down": "conveyor_block_left",
	  "north": "conveyor_block_side_west",
	  "south": "conveyor_block_side_east",
	  "west": "conveyor_block_up",
	  "east": "conveyor_block_down"
	},
	"sound": "stone"
  },
  "quarry:sticky_conveyor_block_up": {
    "textures": {
	  "up": "sticky_conveyor_block_up",
	  "down": "sticky_conveyor_block_up",
	  "north": "sticky_conveyor_block_down",
	  "south": "sticky_conveyor_block_up",
	  "west": "conveyor_block_side_west",
	  "east": "conveyor_block_side_east"
	},
    "sound": "honey_block"
  },
  "quarry:sticky_conveyor_block_down": {
    "textures": {
	  "up": "sticky_conveyor_block_down",
	  "down": "sticky_conveyor_block_down",
	  "north": "sticky_conveyor_block_up",
	  "south": "sticky_conveyor_block_down",
	  "west": "conveyor_block_side_east",
	  "east": "conveyor_block_side_west"
	},
    "sound": "honey_block"
  },
  "quarry:sticky_conveyor_block_left": {
    "textures": {
	  "up": "sticky_conveyor_block_left",
	  "down": "sticky_conveyor_block_right",
	  "north": "conveyor_block_side_east",
	  "south": "conveyor_block_side_west",
	  "west": "sticky_conveyor_block_down",
	  "east": "sticky_conveyor_block_up"
	},
    "sound": "honey_block"
  },
  "quarry:sticky_conveyor_block_right": {
    "textures": {
	  "up": "sticky_conveyor_block_right",
	  "down": "sticky_conveyor_block_left",
	  "north": "conveyor_block_side_west",
	  "south": "conveyor_block_side_east",
	  "west": "sticky_conveyor_block_up",
	  "east": "sticky_conveyor_block_down"
	},
    "sound": "honey_block"
  },
  
  "quarry:phase_conveyor_block_up": {
    "textures": {
	  "up": "phase_conveyor_block_up",
	  "down": "phase_conveyor_block_down",
	  "north": "phase_conveyor_block_point",
	  "south": "phase_conveyor_block_point",
	  "west": "phase_conveyor_block_left",
	  "east": "phase_conveyor_block_right"
	},
    "sound": "stone"
  },
  "quarry:phase_conveyor_block_down": {
    "textures": {
	  "up": "phase_conveyor_block_down",
	  "down": "phase_conveyor_block_up",
	  "north": "phase_conveyor_block_point",
	  "south": "phase_conveyor_block_point",
	  "west": "phase_conveyor_block_right",
	  "east": "phase_conveyor_block_left"
	},
    "sound": "stone"
  },
  "quarry:phase_conveyor_block_left": {
    "textures": {
	  "up": "phase_conveyor_block_left",
	  "down": "phase_conveyor_block_left",
	  "north": "phase_conveyor_block_right",
	  "south": "phase_conveyor_block_left",
	  "west": "phase_conveyor_block_point",
	  "east": "phase_conveyor_block_point"
	},
    "sound": "stone"
  },
  "quarry:phase_conveyor_block_right": {
    "textures": {
	  "up": "phase_conveyor_block_right",
	  "down": "phase_conveyor_block_right",
	  "north": "phase_conveyor_block_left",
	  "south": "phase_conveyor_block_right",
	  "west": "phase_conveyor_block_point",
	  "east": "phase_conveyor_block_point"
	},
	"sound": "stone"
  },
  "quarry:phase_conveyor_block_north": {
    "textures": {
	  "up": "phase_conveyor_block_point",
	  "down": "phase_conveyor_block_point",
	  "north": "phase_conveyor_block_up",
	  "south": "phase_conveyor_block_up",
	  "west": "phase_conveyor_block_up",
	  "east": "phase_conveyor_block_up"
	},
    "sound": "stone"
  },
  "quarry:phase_conveyor_block_south": {
    "textures": {
	  "up": "phase_conveyor_block_point",
	  "down": "phase_conveyor_block_point",
	  "north": "phase_conveyor_block_down",
	  "south": "phase_conveyor_block_down",
	  "west": "phase_conveyor_block_down",
	  "east": "phase_conveyor_block_down"
	},
    "sound": "stone"
  },
  
  "quarry:chute_upward": {
    "textures": {
	  "up": "chute_hole_out",
	  "down": "chute_hole_in",
	  "side": "chute_side_upward"
	},
    "sound": "stone"
  },
  "quarry:chute_downward": {
    "textures": {
	  "up": "chute_hole_in",
	  "down": "chute_hole_out",
	  "side": "chute_side_downward"
	},
    "sound": "stone"
  },
    
  "quarry:forge_table": {
    "textures": {
	  "up": "forge_table_top",
	  "down": "forge_table_bottom",
	  "side": "forge_table_side"
	},
    "sound": "stone"
  },
  "quarry:forge_table_quarry": {
    "textures": {
	  "up": "forge_table_top_quarry",
	  "down": "forge_table_bottom",
	  "side": "forge_table_side"
	},
    "sound": "stone"
  },
  
  "quarry:plan_table": {
    "textures": {
	  "up": "plan_table_top",
	  "down": "forge_table_bottom",
	  "side": "plan_table_side"
	},
    "sound": "stone"
  },
  "quarry:plan_table_blueprint": {
    "textures": {
	  "up": "plan_table_top_blueprint",
	  "down": "forge_table_bottom",
	  "side": "plan_table_side"
	},
    "sound": "stone"
  },
  
  
  "quarry:end_conveyor": {
      "textures": {
	  "up": "end_conveyor",
	  "down": "end_conveyor",
	  "side": "end_conveyor"
	},
    "sound": "stone"
  },
   "quarry:end_conveyor_black": {
    "textures": {
	  "up": "end_conveyor_black",
	  "down": "end_conveyor_black",
	  "side": "end_conveyor_black"
	},
    "sound": "stone"
  },
   "quarry:end_conveyor_blue": {
    "textures": {
	  "up": "end_conveyor_blue",
	  "down": "end_conveyor_blue",
	  "side": "end_conveyor_blue"
	},
    "sound": "stone"
  },
   "quarry:end_conveyor_brown": {
    "textures": {
	  "up": "end_conveyor_brown",
	  "down": "end_conveyor_brown",
	  "side": "end_conveyor_brown"
	},
    "sound": "stone"
  },
   "quarry:end_conveyor_cyan": {
    "textures": {
	  "up": "end_conveyor_cyan",
	  "down": "end_conveyor_cyan",
	  "side": "end_conveyor_cyan"
	},
    "sound": "stone"
  },
   "quarry:end_conveyor_green": {
    "textures": {
	  "up": "end_conveyor_green",
	  "down": "end_conveyor_green",
	  "side": "end_conveyor_green"
	},
    "sound": "stone"
  },
   "quarry:end_conveyor_grey": {
    "textures": {
	  "up": "end_conveyor_grey",
	  "down": "end_conveyor_grey",
	  "side": "end_conveyor_grey"
	},
    "sound": "stone"
  },
   "quarry:end_conveyor_light_blue": {
    "textures": {
	  "up": "end_conveyor_light_blue",
	  "down": "end_conveyor_light_blue",
	  "side": "end_conveyor_light_blue"
	},
    "sound": "stone"
  },
   "quarry:end_conveyor_light_grey": {
    "textures": {
	  "up": "end_conveyor_light_grey",
	  "down": "end_conveyor_light_grey",
	  "side": "end_conveyor_light_grey"
	},
    "sound": "stone"
  },
   "quarry:end_conveyor_lime": {
    "textures": {
	  "up": "end_conveyor_lime",
	  "down": "end_conveyor_lime",
	  "side": "end_conveyor_lime"
	},
    "sound": "stone"
  },
   "quarry:end_conveyor_magenta": {
    "textures": {
	  "up": "end_conveyor_magenta",
	  "down": "end_conveyor_magenta",
	  "side": "end_conveyor_magenta"
	},
    "sound": "stone"
  },
   "quarry:end_conveyor_orange": {
    "textures": {
	  "up": "end_conveyor_orange",
	  "down": "end_conveyor_orange",
	  "side": "end_conveyor_orange"
	},
    "sound": "stone"
  },
   "quarry:end_conveyor_pink": {
    "textures": {
	  "up": "end_conveyor_pink",
	  "down": "end_conveyor_pink",
	  "side": "end_conveyor_pink"
	},
    "sound": "stone"
  },
   "quarry:end_conveyor_purple": {
    "textures": {
	  "up": "end_conveyor_purple",
	  "down": "end_conveyor_purple",
	  "side": "end_conveyor_purple"
	},
    "sound": "stone"
  },
   "quarry:end_conveyor_red": {
    "textures": {
	  "up": "end_conveyor_red",
	  "down": "end_conveyor_red",
	  "side": "end_conveyor_red"
	},
    "sound": "stone"
  },
   "quarry:end_conveyor_white": {
    "textures": {
	  "up": "end_conveyor_white",
	  "down": "end_conveyor_white",
	  "side": "end_conveyor_white"
	},
    "sound": "stone"
  },
   "quarry:end_conveyor_yellow": {
    "textures": {
	  "up": "end_conveyor_yellow",
	  "down": "end_conveyor_yellow",
	  "side": "end_conveyor_yellow"
	},
    "sound": "stone"
  }
}