{
  "format_version": "1.14.0",
  "minecraft:entity": {
    "description": {
      "identifier": "quarry:end_conveyor",
      "is_spawnable": true,
      "is_summonable": false,
      "is_experimental": false,
      "scripts": { "animate": [ "0" ] },
      "animations": { "0": "controller.animation.end_conveyor" }
    },
	"component_groups": {
		"despawn_entity":{
            "minecraft:despawn":{
            }
         },
         "no_color":{ "minecraft:variant":{ "value": 0 } },
         "black":{ "minecraft:variant":{ "value": 1 } },
         "red":{ "minecraft:variant":{ "value": 2 } },
         "green":{ "minecraft:variant":{ "value": 3 } },
         "brown":{ "minecraft:variant":{ "value": 4 } },
         "blue":{ "minecraft:variant":{ "value": 5 } },
         "purple":{ "minecraft:variant":{ "value": 6 } },
         "cyan":{ "minecraft:variant":{ "value": 7 } },
         "light_grey":{ "minecraft:variant":{ "value": 8 } },
         "grey":{ "minecraft:variant":{ "value": 9 } },
         "pink":{ "minecraft:variant":{ "value": 10 } },
         "lime":{ "minecraft:variant":{ "value": 11 } },
         "yellow":{ "minecraft:variant":{ "value": 12 } },
         "light_blue":{ "minecraft:variant":{ "value": 13 } },
         "magenta":{ "minecraft:variant":{ "value": 14 } },
         "orange":{ "minecraft:variant":{ "value": 15 } },
         "white":{ "minecraft:variant":{ "value": 16 } },
         "remove_color":{ "minecraft:variant":{ "value": 17 } }
     },
     
    "components": {
      "minecraft:type_family": {
        "family": [ "conveyors" ]
      },
      "minecraft:collision_box": {
        "width": 0.8,
        "height": 0.5
      },
      "minecraft:is_hidden_when_invisible": {
      },
      "minecraft:loot": {
        "table": "empty.json"
      },
      "minecraft:nameable": {
        "alwaysShow": true,
        "allowNameTagRenaming": false
      },
      "minecraft:physics": {
      },
      "minecraft:damage_sensor":{
            "triggers":[
               {
                  "on_damage":{
                     "filters":{
                        "all_of": [
	                     {
	                      "any_of": [
	                        { "test": "has_equipment", "subject": "other", "domain": "hand", "value": "dye:0"},
	                        { "test": "has_equipment", "subject": "other", "domain": "hand", "value": "dye:16"}
	                       ]
	                     },
	                    { "test" :  "is_family", "subject" : "other", "value" :  "player"},
						{ "test" :  "has_damage", "subject" : "self", "value" :  "attack"},
						{ "test" :  "is_variant", "subject" : "self", "operator": "==", "value" : 0  }
	                   ]
                     },
                     "event":"turn_black"
                    },
                  "deals_damage":false
                },
                {
                  "on_damage":{
                     "filters":{
                        "all_of": [
                        { "test": "has_equipment", "subject": "other", "domain": "hand", "value": "dye:1"},
	                    { "test" :  "is_family", "subject" : "other", "value" :  "player"},
						{ "test" :  "has_damage", "subject" : "self", "value" :  "attack"},
						{ "test" :  "is_variant", "subject" : "self", "operator": "==", "value" : 0  }
	                   ]
                     },
                     "event":"turn_red"
                    },
                  "deals_damage":false
                },
                {
                  "on_damage":{
                     "filters":{
                        "all_of": [
                        { "test": "has_equipment", "subject": "other", "domain": "hand", "value": "dye:2"},
	                    { "test" :  "is_family", "subject" : "other", "value" :  "player"},
						{ "test" :  "has_damage", "subject" : "self", "value" :  "attack"},
						{ "test" :  "is_variant", "subject" : "self", "operator": "==", "value" : 0  }
	                   ]
                     },
                     "event":"turn_green"
                  },
                  "deals_damage":false
                },
                {
                  "on_damage":{
                     "filters":{
                        "all_of": [
	                    {
	                      "any_of": [
	                        { "test": "has_equipment", "subject": "other", "domain": "hand", "value": "dye:3"},
	                        { "test": "has_equipment", "subject": "other", "domain": "hand", "value": "dye:17"}
	                       ]
	                     },
	                    { "test" :  "is_family", "subject" : "other", "value" :  "player"},
						{ "test" :  "has_damage", "subject" : "self", "value" :  "attack"},
						{ "test" :  "is_variant", "subject" : "self", "operator": "==", "value" : 0  }
	                   ]
                     },
                     "event":"turn_brown"
                    },
                  "deals_damage":false
                },
                {
                  "on_damage":{
                     "filters":{
                        "all_of": [
	                    {
	                      "any_of": [
	                        { "test": "has_equipment", "subject": "other", "domain": "hand", "value": "dye:4"},
	                        { "test": "has_equipment", "subject": "other", "domain": "hand", "value": "dye:18"}
	                       ]
	                     },
	                    { "test" :  "is_family", "subject" : "other", "value" :  "player"},
						{ "test" :  "has_damage", "subject" : "self", "value" :  "attack"},
						{ "test" :  "is_variant", "subject" : "self", "operator": "==", "value" : 0  }
	                   ]
                     },
                     "event":"turn_blue"
                    },
                  "deals_damage":false
                },
                {
                  "on_damage":{
                     "filters":{
                        "all_of": [
                        { "test": "has_equipment", "subject": "other", "domain": "hand", "value": "dye:5"},
	                    { "test" :  "is_family", "subject" : "other", "value" :  "player"},
						{ "test" :  "has_damage", "subject" : "self", "value" :  "attack"},
						{ "test" :  "is_variant", "subject" : "self", "operator": "==", "value" : 0  }
	                   ]
                     },
                     "event":"turn_purple"
                    },
                  "deals_damage":false
                },
                {
                  "on_damage":{
                     "filters":{
                        "all_of": [
                        { "test": "has_equipment", "subject": "other", "domain": "hand", "value": "dye:6"},
	                    { "test" :  "is_family", "subject" : "other", "value" :  "player"},
						{ "test" :  "has_damage", "subject" : "self", "value" :  "attack"},
						{ "test" :  "is_variant", "subject" : "self", "operator": "==", "value" : 0  }
	                   ]
                     },
                     "event":"turn_cyan"
                    },
                  "deals_damage":false
                },
                {
                  "on_damage":{
                     "filters":{
                        "all_of": [
                        { "test": "has_equipment", "subject": "other", "domain": "hand", "value": "dye:7"},
	                    { "test" :  "is_family", "subject" : "other", "value" :  "player"},
						{ "test" :  "has_damage", "subject" : "self", "value" :  "attack"},
						{ "test" :  "is_variant", "subject" : "self", "operator": "==", "value" : 0  }
	                   ]
                     },
                     "event":"turn_light_grey"
                    },
                  "deals_damage":false
                },
                {
                  "on_damage":{
                     "filters":{
                        "all_of": [
                        { "test": "has_equipment", "subject": "other", "domain": "hand", "value": "dye:8"},
	                    { "test" :  "is_family", "subject" : "other", "value" :  "player"},
						{ "test" :  "has_damage", "subject" : "self", "value" :  "attack"},
						{ "test" :  "is_variant", "subject" : "self", "operator": "==", "value" : 0  }
	                   ]
                     },
                     "event":"turn_grey"
                    },
                  "deals_damage":false
                },
                {
                  "on_damage":{
                     "filters":{
                        "all_of": [
                        { "test": "has_equipment", "subject": "other", "domain": "hand", "value": "dye:9"},
	                    { "test" :  "is_family", "subject" : "other", "value" :  "player"},
						{ "test" :  "has_damage", "subject" : "self", "value" :  "attack"},
						{ "test" :  "is_variant", "subject" : "self", "operator": "==", "value" : 0  }
	                   ]
                     },
                     "event":"turn_pink"
                    },
                  "deals_damage":false
                },
                {
                  "on_damage":{
                     "filters":{
                        "all_of": [
                        { "test": "has_equipment", "subject": "other", "domain": "hand", "value": "dye:10"},
	                    { "test" :  "is_family", "subject" : "other", "value" :  "player"},
						{ "test" :  "has_damage", "subject" : "self", "value" :  "attack"},
						{ "test" :  "is_variant", "subject" : "self", "operator": "==", "value" : 0  }
	                   ]
                     },
                     "event":"turn_lime"
                    },
                  "deals_damage":false
                },
                {
                  "on_damage":{
                     "filters":{
                        "all_of": [
                        { "test": "has_equipment", "subject": "other", "domain": "hand", "value": "dye:11"},
	                    { "test" :  "is_family", "subject" : "other", "value" :  "player"},
						{ "test" :  "has_damage", "subject" : "self", "value" :  "attack"},
						{ "test" :  "is_variant", "subject" : "self", "operator": "==", "value" : 0  }
	                   ]
                     },
                     "event":"turn_yellow"
                    },
                  "deals_damage":false
                },
                {
                  "on_damage":{
                     "filters":{
                        "all_of": [
                        { "test": "has_equipment", "subject": "other", "domain": "hand", "value": "dye:12"},
	                    { "test" :  "is_family", "subject" : "other", "value" :  "player"},
						{ "test" :  "has_damage", "subject" : "self", "value" :  "attack"},
						{ "test" :  "is_variant", "subject" : "self", "operator": "==", "value" : 0  }
	                   ]
                     },
                     "event":"turn_light_blue"
                    },
                  "deals_damage":false
                },
                {
                  "on_damage":{
                     "filters":{
                        "all_of": [
                        { "test": "has_equipment", "subject": "other", "domain": "hand", "value": "dye:13"},
	                    { "test" :  "is_family", "subject" : "other", "value" :  "player"},
						{ "test" :  "has_damage", "subject" : "self", "value" :  "attack"},
						{ "test" :  "is_variant", "subject" : "self", "operator": "==", "value" : 0  }
	                   ]
                     },
                     "event":"turn_magenta"
                    },
                  "deals_damage":false
                },
                {
                  "on_damage":{
                     "filters":{
                        "all_of": [
                        { "test": "has_equipment", "subject": "other", "domain": "hand", "value": "dye:14"},
	                    { "test" :  "is_family", "subject" : "other", "value" :  "player"},
						{ "test" :  "has_damage", "subject" : "self", "value" :  "attack"},
						{ "test" :  "is_variant", "subject" : "self", "operator": "==", "value" : 0  }
	                   ]
                     },
                     "event":"turn_orange"
                    },
                  "deals_damage":false
                },
                {
                  "on_damage":{
                     "filters":{
                        "all_of": [
	                    {
	                      "any_of": [
	                        { "test": "has_equipment", "subject": "other", "domain": "hand", "value": "dye:15"},
	                        { "test": "has_equipment", "subject": "other", "domain": "hand", "value": "dye:19"}
	                       ]
	                     },
	                    { "test" :  "is_family", "subject" : "other", "value" :  "player"},
						{ "test" :  "has_damage", "subject" : "self", "value" :  "attack"},
						{ "test" :  "is_variant", "subject" : "self", "operator": "==", "value" : 0  }
	                   ]
                     },
                     "event":"turn_white"
                    },
                  "deals_damage":false
                },
                {
                  "on_damage":{
                     "filters":{
                        "all_of": [
	                    {
	                      "any_of": [
	                        { "test": "has_equipment", "subject": "other", "domain": "hand", "value": "dye:0"},
	                        { "test": "has_equipment", "subject": "other", "domain": "hand", "value": "dye:1"},
							{ "test": "has_equipment", "subject": "other", "domain": "hand", "value": "dye:2"},
							{ "test": "has_equipment", "subject": "other", "domain": "hand", "value": "dye:3"},
							{ "test": "has_equipment", "subject": "other", "domain": "hand", "value": "dye:4"},
							{ "test": "has_equipment", "subject": "other", "domain": "hand", "value": "dye:5"},
							{ "test": "has_equipment", "subject": "other", "domain": "hand", "value": "dye:6"},
							{ "test": "has_equipment", "subject": "other", "domain": "hand", "value": "dye:7"},
							{ "test": "has_equipment", "subject": "other", "domain": "hand", "value": "dye:8"},
							{ "test": "has_equipment", "subject": "other", "domain": "hand", "value": "dye:9"},
							{ "test": "has_equipment", "subject": "other", "domain": "hand", "value": "dye:10"},
							{ "test": "has_equipment", "subject": "other", "domain": "hand", "value": "dye:11"},
							{ "test": "has_equipment", "subject": "other", "domain": "hand", "value": "dye:12"},
							{ "test": "has_equipment", "subject": "other", "domain": "hand", "value": "dye:13"},
							{ "test": "has_equipment", "subject": "other", "domain": "hand", "value": "dye:14"},
							{ "test": "has_equipment", "subject": "other", "domain": "hand", "value": "dye:15"},
							{ "test": "has_equipment", "subject": "other", "domain": "hand", "value": "dye:16"},
							{ "test": "has_equipment", "subject": "other", "domain": "hand", "value": "dye:17"},
							{ "test": "has_equipment", "subject": "other", "domain": "hand", "value": "dye:18"},
							{ "test": "has_equipment", "subject": "other", "domain": "hand", "value": "dye:19"}
	                       ]
	                     },
	                    { "test" :  "is_family", "subject" : "other", "value" :  "player"},
						{ "test" :  "has_damage", "subject" : "self", "value" :  "attack"},
						{ "test" :  "is_variant", "subject" : "self", "operator": ">=", "value" : 1  }
	                   ]
                     },
                     "event":"remove_color_destroy"
                    },
                  "deals_damage":false
                },
                {
		          "cause":"any",
		          "deals_damage":false
                }
            ]
        },
      "minecraft:environment_sensor":{
        "triggers":{
              "filters":{
                 "all_of":[
                    {
                       "test":"has_tag",
                       "subject":"self",
                       "value":"despawn"
                    }
                 ]
              },
              "event":"event_despawn"
           }
	     }
	   },
	
	"events":{
		 "minecraft:entity_spawned":{ "add":{ "component_groups":["no_color"] } },
         "event_despawn":{ "add":{ "component_groups":["despawn_entity"] } },
         "turn_black":{ "add":{ "component_groups":["black"] } },
         "turn_red":{ "add":{ "component_groups":["red"] } },
         "turn_green":{ "add":{ "component_groups":["green"] } },
         "turn_brown":{ "add":{ "component_groups":["brown"] } },
         "turn_blue":{ "add":{ "component_groups":["blue"] } },
         "turn_purple":{ "add":{ "component_groups":["purple"] } },
         "turn_cyan":{ "add":{ "component_groups":["cyan"] } },
         "turn_light_grey":{ "add":{ "component_groups":["light_grey"] } },
         "turn_grey":{ "add":{ "component_groups":["grey"] } },
         "turn_pink":{ "add":{ "component_groups":["pink"] } },
         "turn_lime":{ "add":{ "component_groups":["lime"] } },
         "turn_yellow":{ "add":{ "component_groups":["yellow"] } },
         "turn_light_blue":{ "add":{ "component_groups":["light_blue"] } },
         "turn_magenta":{ "add":{ "component_groups":["magenta"] } },
         "turn_orange":{ "add":{ "component_groups":["orange"] } },
         "turn_white":{ "add":{ "component_groups":["white"] } },
         "remove_color_destroy":{ "add":{ "component_groups":["remove_color"] } },
         "reset":{ "add":{ "component_groups":["no_color"] } }
        }
    }
}