{
  "format_version": "1.14.0",
  "minecraft:entity": {
    "description": {
      "identifier": "quarry:phase_conveyor",
      "is_spawnable": false,
      "is_summonable": false,
      "is_experimental": false,
      "scripts": { "animate": [ "0" ] },
      "animations": { "0": "controller.animation.directional" }
    },
	"component_groups": {
		"despawn_entity":{
            "minecraft:despawn":{
            }
         }
     },
     
    "components": {
      "minecraft:type_family": {
        "family": [ "conveyors" ]
      },
      "minecraft:damage_sensor":{
        "triggers":{
          "cause":"any",
          "deals_damage":false
       }
     },
      "minecraft:collision_box": {
        "width": 1.0,
        "height": 1.0
      },
      "minecraft:is_hidden_when_invisible": {
      },
      "minecraft:loot": {
        "table": "empty.json"
      },
      "minecraft:nameable": {
        "alwaysShow": true,
        "allowNameTagRenaming": false
      },
      "minecraft:physics": {
      },
      "minecraft:environment_sensor":{
        "triggers":{
              "filters":{
                 "all_of":[
                    {
                       "test":"has_tag",
                       "subject":"self",
                       "value":"despawn"
                    }
                 ]
              },
              "event":"event_despawn"
           }
	     }
	   },
	
	"events":{
         "event_despawn":{
            "add":{
               "component_groups":[
                  "despawn_entity"
               ]
            }
         }
      }
   }
}