{
   "format_version":"1.10.0",
   "animation_controllers":{
      "controller.animation.client":{
         "states":{
            "default_state":{
               "transitions":[{ "runtime":"(1.0)" }]
            },
            "runtime":{
               "transitions":[ { "default_state":"(1.0)" } ],
               "on_entry":[ "/function client" ]
            }
         }
      },
      "controller.animation.r4isen":{
         "states":{
            "default_state":{
               "transitions":[{ "add_scare":"query.is_chested" }]
            },
            "add_scare":{
               "transitions":[ { "default_state":"(1.0)" } ],
               "on_entry":[ "/tag @s add scare" ]
            }
         }
      }
   }
}