{
	"format_version": "1.10.0",
	"animation_controllers": {
		"controller.animation.conveyor_runtime": {
			"states": {
				"default": {
					"transitions": [ { "zooming": "(1.0)" } ]
				},
				"zooming": {
					"transitions": [ { "default": "(1.0)" } ],
                    "on_entry": [ "/function client" ]
		   	 	}
	 		  }
	      },
	
		"controller.animation.check_rot": {
			"states": {
				"on_detect": {
					"transitions": [ 
						{ "checkA": "(query.get_equipped_item_name('main_hand') == 'conveyor_block_up' || query.get_equipped_item_name('main_hand') == 'conveyor_block_down' || query.get_equipped_item_name('main_hand') == 'conveyor_block_left' || query.get_equipped_item_name('main_hand') == 'conveyor_block_right' || query.get_equipped_item_name('main_hand') == 'sticky_conveyor_block_up' || query.get_equipped_item_name('main_hand') == 'sticky_conveyor_block_down' || query.get_equipped_item_name('main_hand') == 'sticky_conveyor_block_left' || query.get_equipped_item_name('main_hand') == 'sticky_conveyor_block_right')" },
						{ "checkB": "(query.get_equipped_item_name('main_hand') == 'conveyor_lifter' || query.get_equipped_item_name('main_hand') == 'chute_downward' || query.get_equipped_item_name('main_hand') == 'chute_upward')" },
						{ "checkC": "(query.get_equipped_item_name('main_hand') == 'block_breaker_up' || query.get_equipped_item_name('main_hand') == 'block_breaker_down' || query.get_equipped_item_name('main_hand') == 'block_breaker_left' || query.get_equipped_item_name('main_hand') == 'block_breaker_right')" },
						{ "checkD": "query.get_equipped_item_name('main_hand') == 'end_conveyor'" }
					]
				},
                "checkA": {
					"transitions": [ { "on_detect": "(1.0)" } ],
                    "on_entry": [ 
						"/replaceitem entity @s slot.weapon.mainhand 0 air",
						"/title @s actionbar Please forge the block properly!"
					]
                },
                "checkB": {
					"transitions": [ { "on_detect": "(1.0)" } ],
                    "on_entry": [ 
						"/replaceitem entity @s slot.weapon.mainhand 0 air",
						"/title @s actionbar Please forge the block properly!"
					]
                },
                "checkC": {
					"transitions": [ { "on_detect": "(1.0)" } ],
                    "on_entry": [ 
						"/replaceitem entity @s slot.weapon.mainhand 0 air",
						"/title @s actionbar Please forge the block properly!"
					]
                },
                "checkD": {
					"transitions": [ { "on_detect": "(1.0)" } ],
                    "on_entry": [ 
						"/replaceitem entity @s slot.weapon.mainhand 0 air",
						"/title @s actionbar Please forge the block properly!"
					]
                }
            }
        }
    }
}