{
	"format_version": "1.10.0",
	"animation_controllers": {
		"controller.animation.directional": {
			"states": {
				"on_detect": {
					"transitions": [ 
						{ "conveyor_blocks": "query.owner_identifier == 'quarry:conveyor_block'" },
						{ "sticky_conveyor_blocks": "query.owner_identifier == 'quarry:sticky_conveyor_block'" },
						{ "phase_conveyor": "query.owner_identifier == 'quarry:phase_conveyor'" },
						{ "item_vacuum": "query.owner_identifier == 'quarry:item_vacuum'" },
						{ "block_breaker": "query.owner_identifier == 'quarry:block_breaker'" },
						{ "laser_block": "query.owner_identifier == 'quarry:laser_block'" },
						{ "item_junction": "query.owner_identifier == 'quarry:item_junction'" },
						{ "player_lifter": "query.owner_identifier == 'quarry:conveyor_lifter'" }
					]
				},
				"conveyor_blocks": {
					"transitions": [ {"on_detect": "(1.0)"} ],
					"on_entry": [ 
						"/execute @s ~~~ detect ~~-0.5~ air 0 tp @s ~~1~",
						"/execute @s ~~~ detect ~~~ air 0 playsound dig.stone @p[r=16] ~~~",
						"/execute @s[rym=135,ry=180] ~~~ detect ~~~ air 0 fill ~~~~~~ quarry:conveyor_block_down 1",
						"/execute @s[rym=-180,ry=-135] ~~~ detect ~~~ air 0 fill ~~~~~~ quarry:conveyor_block_down 1",
						"/execute @s[rym=-45,ry=45] ~~~ detect ~~~ air 0 fill ~~~~~~ quarry:conveyor_block_up 1",
						"/execute @s[rym=45,ry=135] ~~~ detect ~~~ air 0 fill ~~~~~~ quarry:conveyor_block_right 1",
						"/execute @s[rym=-135,ry=-45] ~~~ detect ~~~ air 0 fill ~~~~~~ quarry:conveyor_block_left 1",
						"/tag @s add despawn"
					]
				},
				"sticky_conveyor_blocks": {
					"transitions": [ {"on_detect": "(1.0)"} ],
					"on_entry": [ 
						"/execute @s ~~~ detect ~~-0.5~ air 0 tp @s ~~1~",
						"/execute @s ~~~ detect ~~~ air 0 playsound dig.honey_block @p[r=16] ~~~",
						"/execute @s ~~~ detect ~~~ air 0 playsound dig.stone @p[r=16] ~~~",
						"/execute @s[rym=135,ry=180] ~~~ detect ~~~ air 0 fill ~~~~~~ quarry:sticky_conveyor_block_down 1",
						"/execute @s[rym=-180,ry=-135] ~~~ detect ~~~ air 0 fill ~~~~~~ quarry:sticky_conveyor_block_down 1",
						"/execute @s[rym=-45,ry=45] ~~~ detect ~~~ air 0 fill ~~~~~~ quarry:sticky_conveyor_block_up 1",
						"/execute @s[rym=45,ry=135] ~~~ detect ~~~ air 0 fill ~~~~~~ quarry:sticky_conveyor_block_right 1",
						"/execute @s[rym=-135,ry=-45] ~~~ detect ~~~ air 0 fill ~~~~~~ quarry:sticky_conveyor_block_left 1",
						"/tag @s add despawn"
					]
				},
				"phase_conveyor": {
					"transitions": [ {"on_detect": "(1.0)"} ],
					"on_entry": [ 
						"/execute @s ~~~ detect ~~-0.5~ air 0 tp @s ~~1~",
						"/execute @s ~~~ detect ~~~ air 0 playsound dig.stone @p[r=16] ~~~",
						"/execute @s[rym=135,ry=180] ~~~ detect ~~~ air 0 fill ~~~~~~ quarry:phase_conveyor_block_down 1",
						"/execute @s[rym=-180,ry=-135] ~~~ detect ~~~ air 0 fill ~~~~~~ quarry:phase_conveyor_block_down 1",
						"/execute @s[rym=-45,ry=45] ~~~ detect ~~~ air 0 fill ~~~~~~ quarry:phase_conveyor_block_up 1",
						"/execute @s[rym=45,ry=135] ~~~ detect ~~~ air 0 fill ~~~~~~ quarry:phase_conveyor_block_right 1",
						"/execute @s[rym=-135,ry=-45] ~~~ detect ~~~ air 0 fill ~~~~~~ quarry:phase_conveyor_block_left 1",
						"/tag @s add despawn"
					]
				},
				"item_vacuum": {"transitions": [ {"on_detect": "(1.0)"} ],"on_entry": ["/execute @s ~~~ function 0/1"]},
				"block_breaker": {"transitions": [ {"on_detect": "(1.0)"} ],"on_entry": ["/execute @s ~~~ function 0/2"]},
				"laser_block": {"transitions": [ {"on_detect": "(1.0)"} ],"on_entry": ["/execute @s ~~~ function 0/3"]},
				"item_junction": {
					"transitions": [ {"on_detect": "(1.0)"} ],
					"on_entry": [ 
						"/execute @s ~~~ detect ~~-0.5~ air 0 tp @s ~~1~",
						"/execute @s ~~~ detect ~~~ air 0 playsound dig.stone @p[r=16] ~~~",
						"/execute @s ~~~ detect ~~~ air 0 fill ~~~~~~ quarry:item_junction 1",
						"/tag @s add despawn"
					]
				},
				"player_lifter": {
					"transitions": [ {"on_detect": "(1.0)"} ],
					"on_entry": [ 
						"/execute @s ~~~ detect ~~-0.5~ air 0 tp @s ~~1~",
						"/execute @s ~~~ detect ~~~ air 0 playsound dig.stone @p[r=16] ~~~",
						"/execute @s ~~~ detect ~~~ air 0 fill ~~~~~~ quarry:conveyor_lifter 1",
						"/tag @s add despawn"
					]
				}
			}
		},
		
		"controller.animation.end_conveyor": {
			"initial_state":"on_detect",
			"states": {
				"on_detect": {
					"transitions": [ 
						{ "unspecified": "query.variant == 0" },
						{ "black": "query.variant == 1" },
						{ "red": "query.variant == 2" },
						{ "green": "query.variant == 3" },
						{ "brown": "query.variant == 4" },
						{ "blue": "query.variant == 5" },
						{ "purple": "query.variant == 6" },
						{ "cyan": "query.variant == 7" },
						{ "silver": "query.variant == 8" },
						{ "grey": "query.variant == 9" },
						{ "pink": "query.variant == 10" },
						{ "lime": "query.variant == 11" },
						{ "yellow": "query.variant == 12" },
						{ "light_blue": "query.variant == 13" },
						{ "magenta": "query.variant == 14" },
						{ "orange": "query.variant == 15" },
						{ "white": "query.variant == 16" },
						{ "remove_color": "query.variant == 17" }
					],
					"on_entry": ["/function 0/0/0"]
				},
				"unspecified":{"transitions":[{"on_detect":"(1.0)"}],"on_entry":["/execute @s[tag=!unspecified] ~~~ tag @s remove tps", "/execute @s[tag=!unspecified] ~~~ playsound random.click @p[r=9] ~~~", "/tag @s add unspecified","/execute @s ~~~ tag @s remove tps1", "/tag @s remove black","/tag @s remove red","/tag @s remove green","/tag @s remove brown","/tag @s remove blue","/tag @s remove purple","/tag @s remove cyan","/tag @s remove silver","/tag @s remove grey","/tag @s remove pink","/tag @s remove lime","/tag @s remove yellow","/tag @s remove light_blue","/tag @s remove magenta","/tag @s remove orange","/tag @s remove white","/execute @s ~~~ function 0/0/1"]},
				"black":{"transitions":[{"on_detect":"(1.0)"}],"on_entry":["/tag @s remove unspecified","/tag @s add black","/tag @s remove red","/tag @s remove green","/tag @s remove brown","/tag @s remove blue","/tag @s remove purple","/tag @s remove cyan","/tag @s remove silver","/tag @s remove grey","/tag @s remove pink","/tag @s remove lime","/tag @s remove yellow","/tag @s remove light_blue","/tag @s remove magenta","/tag @s remove orange","/tag @s remove white","/execute @s ~~~ function 0/0/1"]},
				"red":{"transitions":[{"on_detect":"(1.0)"}],"on_entry":["/tag @s remove unspecified","/tag @s remove black","/tag @s add red","/tag @s remove green","/tag @s remove brown","/tag @s remove blue","/tag @s remove purple","/tag @s remove cyan","/tag @s remove silver","/tag @s remove grey","/tag @s remove pink","/tag @s remove lime","/tag @s remove yellow","/tag @s remove light_blue","/tag @s remove magenta","/tag @s remove orange","/tag @s remove white","/execute @s ~~~ function 0/0/1"]},
				"green":{"transitions":[{"on_detect":"(1.0)"}],"on_entry":["/tag @s remove unspecified","/tag @s remove black","/tag @s remove red","/tag @s add green","/tag @s remove brown","/tag @s remove blue","/tag @s remove purple","/tag @s remove cyan","/tag @s remove silver","/tag @s remove grey","/tag @s remove pink","/tag @s remove lime","/tag @s remove yellow","/tag @s remove light_blue","/tag @s remove magenta","/tag @s remove orange","/tag @s remove white","/execute @s ~~~ function 0/0/1"]},
				"brown":{"transitions":[{"on_detect":"(1.0)"}],"on_entry":["/tag @s remove unspecified","/tag @s remove black","/tag @s remove red","/tag @s remove green","/tag @s add brown","/tag @s remove blue","/tag @s remove purple","/tag @s remove cyan","/tag @s remove silver","/tag @s remove grey","/tag @s remove pink","/tag @s remove lime","/tag @s remove yellow","/tag @s remove light_blue","/tag @s remove magenta","/tag @s remove orange","/tag @s remove white","/execute @s ~~~ function 0/0/1"]},
				"blue":{"transitions":[{"on_detect":"(1.0)"}],"on_entry":["/tag @s remove unspecified","/tag @s remove black","/tag @s remove red","/tag @s remove green","/tag @s remove brown","/tag @s add blue","/tag @s remove purple","/tag @s remove cyan","/tag @s remove silver","/tag @s remove grey","/tag @s remove pink","/tag @s remove lime","/tag @s remove yellow","/tag @s remove light_blue","/tag @s remove magenta","/tag @s remove orange","/tag @s remove white","/execute @s ~~~ function 0/0/1"]},
				"purple":{"transitions":[{"on_detect":"(1.0)"}],"on_entry":["/tag @s remove unspecified","/tag @s remove black","/tag @s remove red","/tag @s remove green","/tag @s remove brown","/tag @s remove blue","/tag @s add purple","/tag @s remove cyan","/tag @s remove silver","/tag @s remove grey","/tag @s remove pink","/tag @s remove lime","/tag @s remove yellow","/tag @s remove light_blue","/tag @s remove magenta","/tag @s remove orange","/tag @s remove white","/execute @s ~~~ function 0/0/1"]},
				"cyan":{"transitions":[{"on_detect":"(1.0)"}],"on_entry":["/tag @s remove unspecified","/tag @s remove black","/tag @s remove red","/tag @s remove green","/tag @s remove brown","/tag @s remove blue","/tag @s remove purple","/tag @s add cyan","/tag @s remove silver","/tag @s remove grey","/tag @s remove pink","/tag @s remove lime","/tag @s remove yellow","/tag @s remove light_blue","/tag @s remove magenta","/tag @s remove orange","/tag @s remove white","/execute @s ~~~ function 0/0/1"]},
				"silver":{"transitions":[{"on_detect":"(1.0)"}],"on_entry":["/tag @s remove unspecified","/tag @s remove black","/tag @s remove red","/tag @s remove green","/tag @s remove brown","/tag @s remove blue","/tag @s remove purple","/tag @s remove cyan","/tag @s add silver","/tag @s remove grey","/tag @s remove pink","/tag @s remove lime","/tag @s remove yellow","/tag @s remove light_blue","/tag @s remove magenta","/tag @s remove orange","/tag @s remove white","/execute @s ~~~ function 0/0/1"]},
				"grey":{"transitions":[{"on_detect":"(1.0)"}],"on_entry":["/tag @s remove unspecified","/tag @s remove black","/tag @s remove red","/tag @s remove green","/tag @s remove brown","/tag @s remove blue","/tag @s remove purple","/tag @s remove cyan","/tag @s remove silver","/tag @s add grey","/tag @s remove pink","/tag @s remove lime","/tag @s remove yellow","/tag @s remove light_blue","/tag @s remove magenta","/tag @s remove orange","/tag @s remove white","/execute @s ~~~ function 0/0/1"]},
				"pink":{"transitions":[{"on_detect":"(1.0)"}],"on_entry":["/tag @s remove unspecified","/tag @s remove black","/tag @s remove red","/tag @s remove green","/tag @s remove brown","/tag @s remove blue","/tag @s remove purple","/tag @s remove cyan","/tag @s remove silver","/tag @s remove grey","/tag @s add pink","/tag @s remove lime","/tag @s remove yellow","/tag @s remove light_blue","/tag @s remove magenta","/tag @s remove orange","/tag @s remove white","/execute @s ~~~ function 0/0/1"]},
				"lime":{"transitions":[{"on_detect":"(1.0)"}],"on_entry":["/tag @s remove unspecified","/tag @s remove black","/tag @s remove red","/tag @s remove green","/tag @s remove brown","/tag @s remove blue","/tag @s remove purple","/tag @s remove cyan","/tag @s remove silver","/tag @s remove grey","/tag @s remove pink","/tag @s add lime","/tag @s remove yellow","/tag @s remove light_blue","/tag @s remove magenta","/tag @s remove orange","/tag @s remove white","/execute @s ~~~ function 0/0/1"]},
				"yellow":{"transitions":[{"on_detect":"(1.0)"}],"on_entry":["/tag @s remove unspecified","/tag @s remove black","/tag @s remove red","/tag @s remove green","/tag @s remove brown","/tag @s remove blue","/tag @s remove purple","/tag @s remove cyan","/tag @s remove silver","/tag @s remove grey","/tag @s remove pink","/tag @s remove lime","/tag @s add yellow","/tag @s remove light_blue","/tag @s remove magenta","/tag @s remove orange","/tag @s remove white","/execute @s ~~~ function 0/0/1"]},
				"light_blue":{"transitions":[{"on_detect":"(1.0)"}],"on_entry":["/tag @s remove unspecified","/tag @s remove black","/tag @s remove red","/tag @s remove green","/tag @s remove brown","/tag @s remove blue","/tag @s remove purple","/tag @s remove cyan","/tag @s remove silver","/tag @s remove grey","/tag @s remove pink","/tag @s remove lime","/tag @s remove yellow","/tag @s add light_blue","/tag @s remove magenta","/tag @s remove orange","/tag @s remove white","/execute @s ~~~ function 0/0/1"]},
				"magenta":{"transitions":[{"on_detect":"(1.0)"}],"on_entry":["/tag @s remove unspecified","/tag @s remove black","/tag @s remove red","/tag @s remove green","/tag @s remove brown","/tag @s remove blue","/tag @s remove purple","/tag @s remove cyan","/tag @s remove silver","/tag @s remove grey","/tag @s remove pink","/tag @s remove lime","/tag @s remove yellow","/tag @s remove light_blue","/tag @s add magenta","/tag @s remove orange","/tag @s remove white","/execute @s ~~~ function 0/0/1"]},
				"orange":{"transitions":[{"on_detect":"(1.0)"}],"on_entry":["/tag @s remove unspecified","/tag @s remove black","/tag @s remove red","/tag @s remove green","/tag @s remove brown","/tag @s remove blue","/tag @s remove purple","/tag @s remove cyan","/tag @s remove silver","/tag @s remove grey","/tag @s remove pink","/tag @s remove lime","/tag @s remove yellow","/tag @s remove light_blue","/tag @s remove magenta","/tag @s add orange","/tag @s remove white","/execute @s ~~~ function 0/0/1"]},
				"white":{"transitions":[{"on_detect":"(1.0)"}],"on_entry":["/tag @s remove unspecified","/tag @s remove black","/tag @s remove red","/tag @s remove green","/tag @s remove brown","/tag @s remove blue","/tag @s remove purple","/tag @s remove cyan","/tag @s remove silver","/tag @s remove grey","/tag @s remove pink","/tag @s remove lime","/tag @s remove yellow","/tag @s remove light_blue","/tag @s remove magenta","/tag @s remove orange","/tag @s add white","/execute @s ~~~ function 0/0/1"]},
				"remove_color": {"transitions":[{ "reset": "(1.0)" }],"on_entry":["/playsound random.pop @p[r=9] ~~~","/fill ~~-1~~~-1~ quarry:end_conveyor 0","/tag @s add unspecified", "/tag @s remove tps1"]},
				"reset": {"transitions":[{ "on_detect": "(1.0)" }],"on_entry":["@s reset"]}
			}
		},
		
		"controller.animation.table_runtime": {
			"states": {
				"on_detect": {
					"transitions": [ 
						{ "forge_table_normal": "query.owner_identifier == 'quarry:forge_table' && query.variant == 0" },
						{ "forge_table_quarry": "query.owner_identifier == 'quarry:forge_table' && query.variant == 1" },
						{ "plan_table_normal": "query.owner_identifier == 'quarry:plan_table' && query.variant == 0" },
						{ "plan_table_blueprint": "query.owner_identifier == 'quarry:plan_table' && query.variant == 1" }
					]
				},
				"forge_table_normal": {
					"transitions": [{ "on_detect": "(1.0)" }],
					"on_entry": ["/function 1/0/0"]
				},
				"forge_table_quarry": {
					"transitions": [{ "on_detect": "(1.0)" }],
					"on_entry": ["/function 1/0/1"]
				},
				"plan_table_normal": {
					"transitions": [{ "on_detect": "(1.0)" }],
					"on_entry": ["/function 1/1/0"]
				},
				"plan_table_blueprint": {
					"transitions": [{ "on_detect": "(1.0)" }],
					"on_entry": ["/function 1/1/1"]
				}
			}
		},
		
		"controller.animation.chutes": {
			"states": {
				"on_detect": {
					"transitions": [ 
						{ "upward": "query.owner_identifier == 'quarry:chute_upward'" },
						{ "downward": "query.owner_identifier == 'quarry:chute_downward'" }
					]
				},
				"upward": {
					"transitions": [ {"on_detect": "(1.0)"} ],
					"on_entry": [ 
						"/execute @s ~~~ detect ~~-0.5~ air 0 tp @s ~~1~",
						"/execute @s ~~~ detect ~~~ air 0 playsound dig.stone @p[r=16] ~~~",
						"/execute @s ~~~ detect ~~~ air 0 fill ~~~~~~ quarry:chute_upward 1",
						"/tag @s add despawn"
					]
				},
				"downward": {
					"transitions": [ {"on_detect": "(1.0)"} ],
					"on_entry": [ 
						"/execute @s ~~~ detect ~~-0.5~ air 0 tp @s ~~1~",
						"/execute @s ~~~ detect ~~~ air 0 playsound dig.stone @p[r=16] ~~~",
						"/execute @s ~~~ detect ~~~ air 0 fill ~~~~~~ quarry:chute_downward 1",
						"/tag @s add despawn"
					]
				}
			}
		},
		
		"controller.animation.item_filter": {
			"states": {
				"on_detect": {
					"transitions": [ 
						{ "normal": "query.owner_identifier == 'quarry:item_filter'" },
						{ "inverted": "query.owner_identifier == 'quarry:item_filter_inverted'" }
					]
				},
				"normal": {
					"transitions": [ {"on_detect": "(1.0)"} ],
					"on_entry": [ 
						"/execute @s[tag=sp] ~~~ detect ~~~ air 0 tag @s add despawn",
						"/execute @s[tag=!tps] ~~~ detect ~~-0.5~ air 0 tp @s ~~1~",
						"/tag @s add tps",
						"/execute @s[tag=tps] ~~~ tp @s ~~~",
						"/execute @s[tag=!sp] ~~~ detect ~~~ air 0 playsound dig.stone @p[r=16] ~~~",
						"/execute @s[tag=!sp,rym=135,ry=180] ~~~ detect ~~~ air 0 fill ~~~~~~ quarry:item_filter_z 1",
						"/execute @s[tag=!sp,rym=-180,ry=-135] ~~~ detect ~~~ air 0 fill ~~~~~~ quarry:item_filter_z 1",
						"/execute @s[tag=!sp,rym=-45,ry=45] ~~~ detect ~~~ air 0 fill ~~~~~~ quarry:item_filter_z 1",
						"/execute @s[tag=!sp,rym=45,ry=135] ~~~ detect ~~~ air 0 fill ~~~~~~ quarry:item_filter_x 1",
						"/execute @s[tag=!sp,rym=-135,ry=-45] ~~~ detect ~~~ air 0 fill ~~~~~~ quarry:item_filter_x 1",
						"/tag @s add sp"
					]
				},
				"inverted": {
					"transitions": [ {"on_detect": "(1.0)"} ],
					"on_entry": [ 
						"/execute @s[tag=sp] ~~~ detect ~~~ air 0 tag @s add despawn",
						"/execute @s[tag=!tps] ~~~ detect ~~-0.5~ air 0 tp @s ~~1~",
						"/tag @s add tps",
						"/execute @s[tag=tps] ~~~ tp @s ~~~",
						"/execute @s[tag=!sp] ~~~ detect ~~~ air 0 playsound dig.stone @p[r=16] ~~~",
						"/execute @s[tag=!sp,rym=135,ry=180] ~~~ detect ~~~ air 0 fill ~~~~~~ quarry:item_filter_inverted_z 1",
						"/execute @s[tag=!sp,rym=-180,ry=-135] ~~~ detect ~~~ air 0 fill ~~~~~~ quarry:item_filter_inverted_z 1",
						"/execute @s[tag=!sp,rym=-45,ry=45] ~~~ detect ~~~ air 0 fill ~~~~~~ quarry:item_filter_inverted_z 1",
						"/execute @s[tag=!sp,rym=45,ry=135] ~~~ detect ~~~ air 0 fill ~~~~~~ quarry:item_filter_inverted_x 1",
						"/execute @s[tag=!sp,rym=-135,ry=-45] ~~~ detect ~~~ air 0 fill ~~~~~~ quarry:item_filter_inverted_x 1",
						"/tag @s add sp"
					]
				}
			}
		},
		
		"controller.animation.automation": {
			"states": {
				"on_detect": {
					"transitions": [ 
						{ "crafter": "query.owner_identifier == 'quarry:item_crafter'" },
						{ "smelter": "query.owner_identifier == 'quarry:item_smelter'" }
					]
				},
				"crafter": {
					"transitions": [ {"on_detect": "(1.0)"} ],
					"on_entry": [ 
						"/execute @s[tag=sp] ~~~ detect ~~~ air 0 tag @s add despawn",
						"/execute @s[tag=!tps] ~~~ detect ~~-0.5~ air 0 tp @s ~~1~",
						"/tag @s add tps",
						"/execute @s ~~~ tp @s ~~~",
						"/execute @s[tag=!sp] ~~~ detect ~~~ air 0 playsound dig.stone @p[r=16] ~~~",
						"/execute @s[tag=!sp] ~~~ detect ~~~ air 0 fill ~~~~~~ quarry:item_crafter 0",
						"/tag @s add sp"
					]
				},
				"smelter": {
					"transitions": [ {"on_detect": "(1.0)"} ],
					"on_entry": [ 
						"/execute @s[tag=sp] ~~~ detect ~~~ air 0 tag @s add despawn",
						"/execute @s[tag=!tps] ~~~ detect ~~-0.5~ air 0 tp @s ~~1~",
						"/tag @s add tps",
						"/execute @s ~~~ tp @s ~~~",
						"/execute @s[tag=!sp] ~~~ detect ~~~ air 0 playsound dig.stone @p[r=16] ~~~",
						"/execute @s[tag=!sp] ~~~ detect ~~~ air 0 fill ~~~~~~ quarry:item_smelter 0",
						"/tag @s add sp"
					]
				}
			}
		}
	}
}