{
  "format_version": "1.10.0",
  "minecraft:attachable": {
    "description": {
      "identifier": "magnets:hard_hat.player",
      "item": { "magnets:hard_hat": "query.owner_identifier == 'minecraft:player'" },
      "materials": {
        "default": "armor",
        "enchanted": "armor_enchanted"
      },
      "textures": {
        "default": "textures/models/armor/hard_hat",
        "enchanted": "textures/misc/enchanted_item_glint"
      },
      "geometry": {
        "default": "geometry.player.armor.helmet"
      },
      "render_controllers": [ "controller.render.armor" ]
    }
  }
}