{
   "format_version":"1.10.0",
   "animation_controllers":{
	   "controller.animation.item_magnet.main":{
         "states":{
            "main":{
               "transitions":[
                  { "add":"(variable.tick_interval >= 0 && variable.tick_interval < 20)" },
                  { "on_item_hold":"((query.variant == 1 || query.get_equipped_item_name('main_hand') == 'item_magnet') && variable.tick_interval == 20)" }
               ]
            },
            "add":{
               "transitions":[ {"main":"(1.0)"} ],
               "on_entry":[ "variable.tick_interval = variable.tick_interval + 1.0;" ]
            },
            "on_item_hold":{
               "particle_effects":[ {"effect":"scan"} ],
               "transitions":[ {"main":"(1.0)"} ]
            }
         }
      },
      
      
      "controller.animation.item_magnet.sub":{
         "states":{
            "main":{
               "transitions":[
                  { "reload_variable":"(variable.tick_interval > 20 || variable.tick_interval < 0)" }
               ]
            },
            "reload_variable":{
               "transitions":[ {"main":"(1.0)"} ],
               "on_entry":[ "variable.tick_interval = 0;" ]
            }
         }
      }
   }
}