{"format_version":"1.10.0","particle_effect":{"description":{"identifier":"raisen:golem_tame","basic_render_parameters":{"material":"particles_alpha","texture":"textures/particle/particles"}},"components":{"minecraft:emitter_rate_steady":{"spawn_rate":"Math.random(9, 15)","max_particles":15},"minecraft:emitter_lifetime_once":{"active_time":"Math.random(0.2, 1.2)"},"minecraft:emitter_shape_sphere":{"offset":[0,"Math.random(0.8, 1.2)",0],"radius":2,"direction":"outwards"},"minecraft:particle_lifetime_expression":{"max_lifetime":"Math.random(0.6, 1.4)"},"minecraft:particle_initial_speed":0.2,"minecraft:particle_motion_dynamic":{"linear_acceleration":[0,"Math.random(-0.02, 0.02)",0]},"minecraft:particle_appearance_billboard":{"size":[0.14,0.14],"facing_camera_mode":"lookat_xyz","uv":{"texture_width":128,"texture_height":128,"uv":[16,40],"uv_size":[8,8]}},"minecraft:particle_appearance_lighting":{}}}}