{
  "format_version": "1.12",
  "minecraft:recipe_shaped": {
    "description": {
    "identifier": "quarry:chute_downward"
    },

    
    "tags": [ "crafting_table" ],
    "pattern": [
      "###",
      "#R#",
      "#A#"
    ],
    "key": {
      "#": {"item": "quarry:steel"},
      "R": {"item": "minecraft:redstone"},
      "A": {"item": "minecraft:feather"}
    },
    "result": {
      "item": "minecraft:spawn_egg",
      "data": "query.get_actor_info_id('quarry:chute_downward')"
    }
  }
}
