{
  "format_version":"1.10.0",
  "animation_controllers":{
    "controller.animation.pre-setup":{
      "states":{
        "default":{
          "transitions":[{"run_setup":"(1.0)"}]
        },
        "run_setup":{
          "transitions":[{"default":"(1.0)"}],
          "on_entry":["/function pre-setup"]
        }
      }
    },
    
    "controller.animation.death_detector":{
      "states":{
        "default":{
          "transitions":[{"on_player_death":"!query.is_alive"}]
        },
        "on_player_death":{
          "transitions":[{"player_death_wake":"query.is_alive"}],
          "on_entry":["/function challenge/player_death"]
        },
        "player_death_wake":{
          "transitions":[{"default":"(1.0)"}],
          "on_entry":["/function challenge/player_death_wake"]
        }
      }
    },
    
    "controller.animation.challenge_enabled":{
      "states":{
        "default":{
          "transitions":[
            {"facing_x-axis":"query.variant == 1"},
            {"facing_z-axis":"query.variant == 2"}
          ]
        },
        "facing_x-axis":{
          "transitions":[{"default":"(1.0)"}],
          "on_entry":["/function challenge/challenge_x-axis"]
        },
        "facing_z-axis":{
          "transitions":[{"default":"(1.0)"}],
          "on_entry":["/function challenge/challenge_z-axis"]
        }
      }
    },
    
    
    "controller.animation.x-axis":{
      "states":{
        "default":{
          "transitions":[{"run_setup":"(1.0)"}]
        },
        "run_setup":{
          "transitions":[{"default":"(1.0)"}],
          "on_entry":["/function challenge/x-axis_runtime"]
        }
      }
    },
    
    "controller.animation.z-axis":{
      "states":{
        "default":{
          "transitions":[{"run_setup":"(1.0)"}]
        },
        "run_setup":{
          "transitions":[{"default":"(1.0)"}],
          "on_entry":["/function challenge/z-axis_runtime"]
        }
      }
    },
    
    
    "controller.animation.detect_challenge":{
      "states":{
        "runtimes":{
          "transitions":[{ "detect_dragon":"query.is_alive" }]
        },
        "detect_dragon":{
          "transitions":[{ "on_challenge_complete":"!query.is_alive" }]
        },
        "on_challenge_complete":{
          "transitions":[{"runtimes":"(1.0)"}],
          "on_entry":[ "/function challenge/challenge_complete" ]
        }
      }
    }
  }
}