{
	"format_version": "1.10.0",
	"animation_controllers": {
	  "controller.animation.challenge": {
			"initial_state": "default_state",
			"states": {
				"default_state": {
					"transitions": [ 
							{ "run_setup": "(1.0)" }
						]
				},
				"run_setup": {
					"transitions": [ 
							{ "run_challenge": "query.is_alive && query.variant == 1" },
							{ "on_player_death": "!query.is_alive" },
							{ "default_state": "(query.variant != 1 || query.is_alive)" }
						],
                    "on_entry": [ "/function pre-setup" ]
		   	  	},
				
				
				"run_challenge": {
					"transitions": [ { "default_state": "(1.0)" } ],
                    "on_entry": [ "/function challenge/challenge_enabled" ]
		   	  	},
		
				"on_player_death": {
					"transitions": [ { "player_death_wake": "query.is_alive" } ],
                    "on_entry": [ "/function challenge/player_death" ]
		   	  	},
		       "player_death_wake": {
					"transitions": [ { "default_state": "(1.0)" } ],
                    "on_entry": [ "/function challenge/player_death_wake" ]
		   	 	}
	 		}
        },
          
        "controller.animation.detect_challenge":{
		      "states":{
		        "runtimes":{
		          "transitions":[{ "detect_dragon":"query.is_alive" }]
		        },
		        "detect_dragon":{
		          "transitions":[{ "on_challenge_complete":"!query.is_alive" }]
		        },
		        "on_challenge_complete":{
		          "transitions":[{"runtimes":"(1.0)"}],
		          "on_entry":[ "/function challenge/challenge_complete" ]
		       }
		   }
	   }
    }
}