{
  "format_version": "1.8.0",
  "geometry.villager_hat": {
    "visible_bounds_width": 2,
    "visible_bounds_height": 2,
    "visible_bounds_offset": [ 0, 1, 0 ],
    "bones": [
      {
        "name": "head",
        "pivot": [ 0.0, 24.0, 0.0 ],
        "cubes": [
          {
            "origin": [ -4.0, 24.0, -4.0 ],
            "size": [ 8, 10, 8 ],
            "uv": [ 0, 0 ],
            "inflate": 0.01
          }
        ]
      },
      {
        "name": "helmet",
        "parent": "head",
        "pivot": [ 0.0, 24.0, 0.0 ],
        "cubes": [
          {
            "origin": [ -4.0, 24.0, -4.0 ],
            "size": [ 8, 10, 8 ],
            "uv": [ 32, 0 ],
            "inflate": 0.5
          }
        ]
      },
      {
        "name": "brim",
        "parent": "head",
        "pivot": [ 0.0, 24.0, 0.0 ],
        "bind_pose_rotation": [ -90.0, 0.0, 0.0 ],
        "cubes": [
          {
            "origin": [ -8.0, 16.0, -6.0 ],
            "size": [ 16.0, 16.0, 1.0 ],
            "uv": [ 30.0, 47.0 ],
            "inflate": 0.1
          }
        ]
      }
    ]
  }
}