{"format_version":"1.10.0","minecraft:client_entity":{"description":{"identifier":"minecraft:iron_golem","materials":{"default":"iron_golem"},"textures":{"default":"textures/entity/iron_golem/no_cracks","low_cracked":"textures/entity/iron_golem/crackness_level_low","medium_cracked":"textures/entity/iron_golem/crackness_level_medium","highly_cracked":"textures/entity/iron_golem/crackness_level_high"},"geometry":{"default":"geometry.irongolem"},"animations":{"walk":"animation.iron_golem.walk","move":"animation.iron_golem.move","walk_to_target":"animation.iron_golem.walk_to_target","move_to_target":"animation.iron_golem.move_to_target","attack":"animation.iron_golem.attack","flower":"animation.iron_golem.flower","look_at_target":"animation.common.look_at_target","move_controller":"controller.animation.iron_golem.move","arm_controller":"controller.animation.iron_golem.arm_movement"},"scripts":{"pre_animation":["variable.health_status = (Math.round((query.health / query.max_health) * ( 3.0 )));","variable.modified_tcos0 = (Math.cos(query.modified_distance_moved * 13.5) * query.modified_move_speed / variable.gliding_speed_value) * 20.0;"],"animate":["look_at_target","move_controller","arm_controller"]},"render_controllers":["controller.render.iron_golem"]}}}