{
	"format_version": "1.10.0",
	"particle_effect": {
		"description": {
			"identifier": "quarry:phase_linker_west",
			"basic_render_parameters": {
				"material": "particles_alpha",
				"texture": "textures/particle/particles"
			}
		},
		"components": {
			"minecraft:emitter_local_space": {
				"position": true,
				"rotation": true
			},
			"minecraft:emitter_rate_instant": {
				"num_particles": "Math.random(50, 80)"
			},
			"minecraft:emitter_lifetime_looping": {
				"active_time": 1
			},
			"minecraft:emitter_shape_box": {
				"offset": [-10, 0.5, 0],
				"half_dimensions": [10, "Math.random(0.0, 0.2)", 0],
				"surface_only": true,
				"direction": [-1, 0, 0]
			},
			"minecraft:particle_lifetime_expression": {
				"max_lifetime": 1
			},
			"minecraft:particle_initial_speed": "Math.random(0.1, 0.4)",
			"minecraft:particle_motion_dynamic": {},
			"minecraft:particle_appearance_billboard": {
				"size": ["0.1*(1-variable.particle_age)", "0.1*(1-variable.particle_age)"],
				"facing_camera_mode": "rotate_xyz",
				"uv": {
					"texture_width": 128,
					"texture_height": 128,
					"uv": [32, 88],
					"uv_size": [8, 8]
				}
			},
			"minecraft:particle_motion_collision": {
				"collision_radius": 0,
				"expire_on_contact": true
			},
			"minecraft:particle_appearance_tinting": {
				"color": {
					"interpolant": "variable.particle_age",
					"gradient": {
						"0.0": "#FF0000",
						"0.5": "#FF8C00",
						"1.0": "#8C1CC7"
					}
				}
			}
		}
	}
}