{"format_version":"1.10.0","animation_controllers":{"controller.animation.heal_golem":{"states":{"default_state":{"transitions":[{"heal":"query.is_saddled"},{"healed":"!query.is_saddled"}]},"heal":{"transitions":[{"default_state":"(1.0)"}],"on_entry":["/scoreboard objectives add ironG_randomize dummy","/scoreboard players random @s[tag=!healed] ironG_randomize 1 27","/tag @s[tag=!is_friendly,scores={ironG_randomize=18}] add become_friendly","/execute @s[tag=!healed,tag=!is_friendly,tag=become_friendly] ~~~ particle raisen:golem_tame ~~~","/execute @s[tag=!healed] ~~~ effect @s instant_health 5 1 true","/execute @s[tag=!healed] ~~~ playsound mob.iron_golem.repair @p[r=11] ~~~","/execute @s[tag=!healed] ~~~ effect @s resistance 1 255 true","/tag @s[tag=!is_friendly,scores={ironG_randomize=18}] add is_friendly","/scoreboard players reset @s ironG_randomize","/tag @s add healed"]},"healed":{"transitions":[{"default_state":"(1.0)"}],"on_entry":["/tag @s remove healed"]}}},"controller.animation.healable":{"states":{"default_state":{"transitions":[{"make_healable":"query.health < 90"},{"make_unhealable":"query.health >= 91"}]},"make_healable":{"transitions":[{"default_state":"(1.0)"}],"on_entry":["/tag @s add healable"]},"make_unhealable":{"transitions":[{"default_state":"(1.0)"}],"on_entry":["/tag @s remove healable"]}}}}}