{
	"format_version": "1.10.0",
	"animation_controllers": {
		"controller.animation.time_cycle": {
			"states": {
				"default_state": {
					"transitions": [ 
                           { "in_bed": "query.is_sleeping" },
                           { "out_of_bed": "!query.is_sleeping" }
                     ]
				},
				
				"in_bed": {
					"transitions": [ { "default_state": "(1.0)" } ],
                    "on_entry": [ "/function 1" ]
		   	  	},
		         "out_of_bed": {
					"transitions": [ { "default_state": "(1.0)" } ],
                    "on_entry": [ "/function 0" ]
		   	    }
	 		  }
	      }
	 }
}