{
	"format_version": "1.10.0",
	"animation_controllers": {
		"controller.animation.common_present": { 
			"states": {
				"default": {
					"transitions": [ { "zooming": "(1.0)" } ]
				},
				"zooming": {
					"transitions": [ { "default": "(1.0)" } ],
                    "on_entry": [ "/function common_present" ]
		   	  	}
	 	 	  }
          },
          
          
          "controller.animation.rare_present": { 
			"states": {
				"default": {
					"transitions": [ { "zooming1": "(1.0)" } ]
				},
				"zooming1": {
					"transitions": [ { "zooming2": "(1.0)" } ]
				},
				"zooming2": {
					"transitions": [ { "default": "!query.is_using_item" } ],
                    "on_entry": [ "/function rare_present" ]
		   	  	}
	 	 	  }
          },
          
          
          "controller.animation.epic_present": { 
			"states": {
				"default": {
					"transitions": [ { "zooming1": "(1.0)" } ]
				},
				   "zooming1": {
					  "transitions": [ { "default": "(1.0)" } ],
                      "on_entry": [ "/function epic_present" ]
		  	  	}
	 		  }
          },
          
          
          
          "controller.animation.legendary_present": { 
			"states": {
				"default": {
					"transitions": [ { "zooming1": "(1.0)" } ]
				},
				"zooming2": {
					"transitions": [ { "default": "(1.0)" } ],
                    "on_entry": [ "/function legendary_present" ]
		  	  	}
	 		  }
          }
     }
}